content,polarity
"-Me caes muy bien 
-Tienes que jugar m√°s partidas al lol con Russel y conmigo
-Por qu√© tan Otako, deja de ser otako
-Haber si me muero",NONE
"@myendlesshazza a. que puto mal escribo

b. me sigo surrando help 

3. ha quedado raro el ""c√≥metelo"" ah√≠ JAJAJAJA",N
@estherct209 jajajaja la tuya y la d mucha gente seguro!! Pero yo no puedo sin mi melena me muero ,N
Quiero mogoll√≥n a @AlbaBenito99 pero sobretodo por lo r√°pido que contesta a los wasaps ,P
Vale he visto la tia bebiendose su regla y me hs dado muchs grima ,N
@Yulian_Poe @guillermoterry1 Ah. mucho m√°s por supuesto! solo que lo incluyo. Me hab√≠as entendido mal ,P
"Se ha terminado #Rio2016 Lamentablemente no arriendo las ganancias al pueblo brasile√±o por la penuria que les espera 
Suerte y solidaridad",N
11. siiii fue super gracioso teniamos que habernos sacado una foto ,P
@toNi_end seria mejor que dejasen de emitir esa basura ya  hay que evolucionar para bien y eso,N
"@jonoro96 te mandaria a comprarte un burro, pero no creo que hayan tiendas abiertas ahora ",N
Mg y pongo un adjetivo super repelente a vuestro nombre ,N
@hywzz la voz de Mar√≠a al final me mata JAJAJSJAJAJAJ quilla y yo que ,N
@EduGalan14  Jaja.Es de bien nacidos ser agradecidos que dir√≠a aquel.Tiene el r√©cord de puntos del VCF.Creo q cumpli√≥ con lo que hab√≠a.,P
"@misscatingcat Bueno, al menos has acabado la noche con una hermosa vista  Ami tambien me gusta verlos por la noche ^^",P
@mendescodes @heroinseb enserio cuando hab√©is dicho que los froot loops est√°n malos me ha dolido... ,N
"@Sakura_Abril Ow 
Bueno, no pasa nada, cuando puedas confirmarlo, estoy aqu√≠ üòä
Y si no pudieras de cosplay pero s√≠ a la expo, +",P
"Aunque pensaba que no podr√≠a hacerlo hasta el mes de octubre, el lunes pr√≥ximo volver√© a ver a mi familia de #Matar√≥ *.*   #felicidad",P
Oye @luciaskaa te pones a hablar con @josecs02 como en los viejos tiempos y no avisas  @JuanAlfonso251 @CrisDazGar,N
"@JCLilGangster yo tengo que aguantar 4 ni√±os peque√±os, no s√© que es peor ",N
"@tejecristal 765 emberda
Y porque estoy dedicandome a otros supps √∫ltimamente ",NONE
@Yosmath @Planeta87Radio  #Incantus  Genial ya estoy conectada ,P
"Es muy raro el sentimiento que tengo ahora, aunque en fin... Qu√© m√°s dar√° ",NEU
"@pabloserrano @JesusBengoechea Madrid tiene la cultura propia de los que ""no tiene cultura propia"". Vamos, como los romanos en su tiempo ",N
"Gracias por los √°nimos! He dormido un poco m√°s, me he tomado una pastilla y ha bajado a 36 y medio, pero a√∫n me noto rara ",N
"@KunMadera pues date unas cuantas horas, que es muy temprano ",NEU
"@xZ4dry @xSLGY Tienes pinta buena gente por lo q veo, t he conocio gracias a qt ",P
"@achocoblog ... bueno, desierta, desierta, no, con algunos seres fe√©ricos  ",P
@policia 2 horas esperando en Comisar√≠a Gandia y han atendido a 3 personas! Y solamente para una autorizaci√≥n de viaje a un menor. ,N
"@angeleta1973 @elespanolcom No he visto su DNI o Pasaporte pero presume de serlo aunque es muy,demasiado,peculiar y poco caritativa   ",N
@AlbGarD Oh  ¬øMe est√°s llamando gordo? JAJAJA Grazie ruli√±o  Lo mismo puedo decir ,N
@BarrosNerea T√∫ siempre sexy Nerea!! Qu√© tengas un maravilloso d√≠a! Besitos! ,P
@seestrena #seestrenasietevidas Ser√≠a un gato tipo Garfield porqu√© soy un poco vago y porqu√© me encanta la lasa√±a!! ,P
@prxttytimebomb @emimartinez_98 Si es que odio a muerte a la nueva Harley que quieres ,N
@WINTERSCLIFF0RD ni tu como soportas el calor sevillano hija m√≠a ,N
"@joseche_jagg @adsuara +10000, cremos una agencia de contrataci√≥n de temporales, a ver c√≥mo se vende a los sindicatos ",NONE
.@soyalt_es estaremos atentas a las novedades futuras. ¬°El final del verano no ser√° igual sin vosotros! ,N
Ayer me qued√© dormido xdddd lo peor esque sigo reventado ,N
"Confirmao tengo el pie roto, he notado como el puto hueso se mov√≠a ",N
"@lmg much√≠simas gracias Luis  T√∫ tambi√©n eres un ejemplo de constancia y buen trabajo, espero que os vaya todo genial!",P
Tengo una adicci√≥n muy seria al burguer King necesito ayuda profesional ,N
"Me dice un pajarito que ahora mismo no puede reservar en la web de BiBo, lo nuevo de @danigarcia_ca. Espero que sea por la demanda. ",N
@cobos_rebeca A ti por responder! Espero y deseo que te salgan nuevos proyectos!! Besitos!! ,P
@PUUNISSHER @KingKongJulen @xCoorsa @Yuniiiiitoo @YouTube oye corsa  que yo no he jugado contra puni en lan,NONE
Estoy preparando muchas cosas para que el especial sea muy especial ,P
"Solo porque UNA persona diga que me conoce y opine sobre c√≥mo soy, y convenza a otra de ello no significa que sea as√≠ ",NEU
"@TeAbroUnaNueva porque no vives en Madrid!!  bueno yo estoy ahorrando, yo lo intento jo y si no pues en la cola y ya quedaremos a parte..",NONE
"@fonzeff @malenko_ @girotix Eso me temo, mucho calor y mucha gente por todos lados, lo malo de viajar en agosto ",N
"@Jordicanal64 Pues si no fichan ""lo que sea"" adem√°s de un rid√≠culo espantoso igual QSF nos deja plantados...esperemos que no   ",N
@virsnroses cuando est√©n los 20 contactados y aprobados se publicar√° el listado en nuestra web ,NONE
"@edu_rnieves Te la recomiendo, parece mon√≥tona pero hay cap√≠tulos que vuelven a subir el inter√©s ",P
Ya no tengo cap√≠tulos de Juego de Tronos para ver. Me siento vac√≠a. ,N
"@goetha Jajaja se aprovech√≥ lo ke pudo, ya se fue a currar pero ma√±ana descansa  mucho l√≠o entonces no? Y con el malague√±o que tal?",P
@futbolero93 solo recuerda que Iman es tranquila ,P
"@AlteaLaSueca en el debate que he estado leyendo, en el blog de Silvio @citaconsilvio lo pone el gran @feliuvicente citando al Che. ",NONE
"comprendo que te molen mis tattoos, pero no te los hagas 'iguales' ",NEU
"@_betterton @juanrallo para cometer atentados terroristas (2)
No creo que entonces existiera el burkini ",NONE
@cayusollo pues necesito un audio para el pr√≥ximo episodio ¬øte animas? ,NONE
@morbosaborealis jajajaja... eso es verdad... aqu√≠ no hay uno cuerdo ,N
@xqwcrp @xoancarV Un lapsus advertido gracias a @Cascarelo y subsanado. Gracias por tu aportaci√≥n. ,P
@ManuBarba Lo feo es llegar al reina sof√≠a y que los descuentos de estudiante sean para menores de 27 a√±os ,N
@IvnLz el resto puedo dudar pero de ese grupo lo tengo claro ,NEU
@Pirata__Roberts hay gente muy buena trabajando duro en @SpheraSports. Palabras as√≠ impulsan  @Eliperezup,P
"Ah vale, me suelta la puta subnormal, te estoy llamando. 
Le digo que no me sale y dice ""ah, es que tengo el wifi apagado"" ",N
@Adriansoler espero y deseo que el interior te cause lo mismo ,NEU
"@FaranduleroYo Pues espero que no lo digas por mi ni√±a o no voto mas  memeo, bueno cada uno tendra su opinion +",N
@Tabernita @ptraciogg pregunta seria.  para cuando kedada/ca√±as de gente twittera de la zona? ,NONE
"@GarbiMuguruza 
Yo cuando pueda quiero tener el Omega Constellation,, con los num√©ricos romanos. ",P
@feralcazar_ es grasioso porque en vez de aspirar a ser alcalde aspiras a concejal... ,N
Hoy quiero hacer otro juego de estos de tw pero esque son todos iguales ,N
"@Eleder_ Que tampoco ahora mayor√≠a absoluta, eh? ",NONE
Por desgracia el sorteo que ten√≠a pensado hacer es s√≥lo para gente de Europa  Ya har√© m√°s sorteos para todo el mundo!,N
"@Paco_Jone Qu√© f√°cil es quedarse calladito, bajarse los pantalones y no decir ni m√∫... Cu√°nta ignorancia en tu ""opini√≥n"". Saludos ",N
"Yo
Me cago
En los muertos
De todas
Las bacterias malignas
De mi
Garganta

.",N
@reyminguela20 la pr√≥xima vez que vaya a Madrid no estar√°s en mis planes. Maldita ,N
"@serbailop Totalmente. Aunque la post-tertulia ha sido muy interesante, hablando de todo esto, y la evoluci√≥n (e involuciones) del cine ",P
"@sosagraphs Pues tan sencillo porque en su d√≠a me puse a hacerlo y es de lo que mas encargos me hacen, aparte tengo mas estilos crack ",P
@flyfap no hab√≠a parada pero he visto una rotonda mu bonica en la que pon√≠a Nules ,P
"@hayar_96 abandon√© mi tierra y llegu√© justo ayer a Espa√±a, estoy sensible, te odio ",N
"Ahora que estoy en Madrid casi no puedo hacer fotos chachis, solo a mi careto y no ",N
@Eduardo_Pers Ps que las exterminen. Por mi salud mental  (y pa que pueda dejar de hacer el rid√≠culo por la calle jajajaj),N
"@Kosto_Trading @juanrallo Lo de prohibir el casco e ir enmascarado tambi√©n es arbitrario y sectario, no? ",N
@lirondos Ya lo ten√≠a fichado y tengo ganas de darle uso  ¬°¬°Gracias!! ,P
@elapersw buenas tardes! Se puede pasar? ,NONE
@radioskylab_es ¬°Pero explicar a fondo las zonas habitables y que condiciones necesita un planeta para serlo! ,NONE
"@LibrosdeMaria no s√© si hubo m√°s gente, pero ayer te tague√© yo  ayy, Hannibal es que moooooola tanto!",P
"#Otegi inhabilitado   #EsLaSentencia 
Mujeres tapadas hasta los ojos #EsSuCultura
Teneis un sentido inamovible del mundo y de la vida.",N
"@santicid ay, gracias. Lo malo es que ese es solo para primer viaje. Pero mil gracias igualmente ",P
"Madrid est√° lleno de comida y crushes, no me llev√©is de aqu√≠ ",N
@albueto @ferderer2 @TipsterApuesta los reyes magos son mas reales que este ,N
"Es worth para coger el bonus, pero es mucho m√°s divertido luchar ",NEU
"@SirDeschain @ChicaCascabel @reptarazul m√°s bien tas ten√≠a aprecio por raistlin, yo creo que al mago le daba un poco igual todo ",N
"@Asukawachan Gracias  ya me pas√≥ una vez y los antibi√≥ticos fueron milagrosos, estoy deseando que vuelva mi madre con ellos ",P
@iwanancho quiero un Linoone con Tambor y Velocidad Extrema pero es de esos especiales de generaciones pasadas que ya no se puede ,N
"@Tidxs_ 27. Parece que las cosas no te van muy bien, espero que todo mejore, que todo el mundo merece ser feliz ",NEU
@amartino @yagoperrin los dos amigos menos quejicas que tengo ,P
@MatiDiazWarrior @severinoiezzi @Maxisanchez06... ¬°¬°Nos sumamos a la felicitaci√≥n a un grande!! ,P
"Eso s√≠, demasiada sobredosis de gui√±os, cameos, homenajes, frases y planos repetidos de la original. Pero bueno, se acepta ",NEU
"@David_Goen00 venga jimbre, lo que debes haver es hacerte cadista ",NEU
Dio tener un perro es la ilusi√≥n de mi puta vida ,P
@RoyalDarjeeling Muy mal!!! jajaja mas Geralt de rivia y menos juego de tronos ,N
Por qu√© me gusta m√°s tu personalidad que cualquier espalda ancha ,P
@SergioSmiles Mirate D gray-man desde cero puta ,N
"@BerothW Por supuesto, en el Mercadona.
Hombre, encima que soy crush de alguien ",NEU
hay alguien apuntando a mi ventana con un laser define pesadito ,N
@carlotalotalota Me apena que haya pasado esto porque la idea de crear un colectivo estatal con divisiones locales era algo poderoso ,N
"odio a lucia la vd, mi amor hacia ella es una gran tapadera pa comer nutella en su casa ",N
No entiendo de verdad porque la gente cree que en realidad me la suda ,N
@dovesandletters @SeveZubiri @Lady_Lolita @teleSURtv ese es Seve que se pone exquisito. Yo m√°s de andar por casa (menos florida) ,NEU
"Llevo como una hora repitiendo ""No deb√≠ haber bebido ese √∫ltimo Monster"" teniendo que madrugar 
Mi vida.",N
"@BrujadelTuiters . Estas palabras, del Poema, INSTANTES, son de Nadine Stair. Escritora norteamericana, a la q le gustan los helados.  ",NEU
prepar√°ndome un colacao pa olvidarme de aquel bacalao... ,NEU
gracioso bc en la pel√≠cula de Nunca apagues la luz utilizan luz negra y hoy he llegado a casa y han puesto uno en el ba√±o ,P
nos lo hab√≠amos encontrado y estaba asustado cruzando una carretera y al final nos hemos tenido que marchar sin √©l. ,N
"@unculemadrid si al final acabamos hablando un rato, era muy simp√°tica  @jovigobi",P
"@PanchoGustavo t√≠o peguemos al Lau 
Sigues teniendo mi primer grinder?",NONE
Este a√±o el Madrid har√° triplete y si lo hace me rapo al cero  grabad el mensaje jejej #ChiringuitoPiqu√©,P
@valenciacf Mis sentimientos y mi orgullo por el Valencia son muy grandes. Yo quiero lo mejor para el Valencia. ,P
"@przuppo @lolap245 me quedo con lo primer ""un pensamiento en un clic"" ",NONE
@Landspecies y sentimos empatia hacia cualquier ser vivo sin distinci√≥n ,P
Gracias tormenta por aparecer justo cuando me voy a meter en cama solita ,N
@Monysito pues pocas cosas m√°s bonitas puedes ver en la vida oye ,P
"@Graffitera23 qu√© hermoso!,es bueno desviar la mirada al cielo y a las nubes de vez en cuando,abajo est√° jodido.preciosa foto,mil abrazos ",P
@Monysito en la vida puede verseme una teta porque cuando me eche la foto no estaba desnuda ,N
"@juanrallo Ya, ya. El edificio A s√≠, el edificio B no. Facil√≠simo de articular ",P
Ma√±ana es muy probablee que caiga un directo!! Y ya sabeis lo que pasa en los directos... ,NEU
@Paloma_cv12 el club de la comedia se ha quedado demasiado grande #monologuista Jaja ,NEU
"Lamento decirles que ya no soy calvo, mi calva perfecta se ve opacada por mi pelo ",P
@Jorgeoneer ya pero no soy mucho de pc. No es muy potente el m√≠o ,N
"@MiguelBarranco5 @llautet @BelenFGonzalez @pastoreta1 @BetEmilio @txemadomi @Minadeideas hola miguel no,ahora estoy en ella ",NONE
"Nominada por @learamartell  
Aqu√≠ van nuestras pelis y nuestros taggeados.  https://t.co/hWqxW19Rjr",NONE
Ya me est√° jodiendo la tarde Pep...bueno me.voy a dar un.paseo ,N
"@aitor48 Prohibirlo, no. Se pueden hacer campa√±as, pedagog√≠a... y no aplaudir como est√°n haciendo muchas pseudo-feministas  @ladypalo",N
"@Lahierritos pues sabran m√©s q jo  

*curso CCC de mirones y mironas ",N
"He puesto la radio solo pa escucharle jajajajajajaja ai, que ganas de verle ya ostia ",P
@Slow_Dancer_ TOTALMENTE  Pobre Gappy... que inocente es  no sabe con quien se ha encontrado.,N
"@Tidxs_ 2. Hace mucho tiempo hablabamos por skype por un amigo en com√∫n y estaba guay, adem√°s de que eres muy mona! ",P
"Buen partido a todos @overgame_org , suerte en la final de losers y a ver si nos volvemos a ver en la gran final. Saludo a esos casters ",P
@levante_emv @valenciacf Un capullo menos en el Valencia. Si no esta al 100% con el Valencia lo mejor es venderlo. ,N
@Angela_M_A_ hombre me dices que se o√≠a mal  yo soy defensora de Amaiah a morir JAJAJ,NEU
"Quiero que vuelva el invierno  y ponerme pantalones largos y chaquetas y sudaderas y abrigos, puto verano.",N
Pensar en irse pronto a la cama y ver que dan 2 cap√≠tulos de #minorityreport la mejor manera de alegrarse la noche ,P
"@DaniRS95 somos el PACMA, a todos caemos bien pero nadie nos quiere.

Lloremos juntos ",N
Cuando sufres porque no encuentras emulador para jugar al pokemon rub√≠ en iOS 9.3.4 ,N
@Lentejitas @Manuj_Hidalgo @lupesb77 convenciendo a mi hija mayor para verlo ,NONE
@ideiazabaldu no queda ni un pa√≠s √°rabe laico... Hasta con Argelia y Tunez est√°n acabando ,N
Estoy muy nerviosa por el partido ,NEU
"@olivares_javier Intentan salvar a Lincoln como Juli√°n con Lorca... Aparte de que es una copia descarada de MdT, no se parecen en nada ",N
"@_tontonina porque somos de M√≥stoles, salir de nuestro ambiente es dif√≠cil ",N
"ola wapa k tal stas?? spero k no seas una sorra kmo las otras xikas 

- machirulo 

QU√â COJONES JAJSAKJKJSADJJSJASJAJAJA",N
@sweetbiix pues ah√≠ lo tienes. Si t√∫ no huyes entonces eres una luchadora y no una cobarde no? ,P
"Es conveniente tener un Gobierno democr√°tico que cumpla su funci√≥n politica. NO lo es tener un Gobierno que representa la #corrupci√≥nPP
",N
@ann_lloret99 @luv_m0ney_party los salidos son los q suben cosas a esa p√°gina no yo ,N
"otra noche hasta las 4 de la ma√±ana despierta, aburrida y sin sue√±o, lo veo venir... ",N
@CrususMusus_ me lo apunto en la lista de cosas posibles de hacer ,NONE
"@ShawnUpdatesSA esta no es, le tienes que dar a US Store, solo se vende en US y Canad√°  por ahora claro.",N
Es triste que casi todas mis series acabadas hayan sido porque las han cancelado ,N
@adri_buzo @FulgenLison Nop. Pero ahora me queda m√°s claro el asunto  Gracias !,P
S√≥lo quer√≠a hablar con gente en verda ,NEU
como entraba una conversaci√≥n de estas largas de hablar toda la noche con alguien ,NONE
@Kosto_Trading @juanrallo O ponerte un casco de moto que te cubra por entero ,NONE
"Hey, @rebecarus, que me dice Amazon que ""Todas las bodas necesitan un plan B"" ya est√° cargado en mi Kindle. ¬øEmpiezo ya o qu√©? ",NONE
"@yolanday_y @el_pais Tras 72.000 a√±os de viaje, conformate con que haya mol√©culas de Potasio y est√©n buenas ",P
@mafolu2 no creas. Pero me gusta tener a la gente enga√±ada  @GranCTimes,P
T√∫ que he ido a cenar a mar de cristal y me he inflado y me duele la barriga ,N
"Mira que soy pesimista a maza, pero odio que la gente sea TAAAAN pesimista ",N
"@vanderhast Jajajaja en cuanto salga de mi bucle infinito con la casa, me imprimo los mapas a dos y lo estreno!! ",P
"@VioletaTrujillo yo me resigno con alguna gente, si se creen a este personaje es porque no est√°n dispuestos a escuchar ",N
"@Baronachor El concepto es de lo m√°s bonico, pero de eso a serlo hay un trecho ",NEU
"Voy a estar unos d√≠as desaparecida, me estoy quedando sin gigas jajajja  q vida + triste !!! Me voy al parque con los perros..",N
Tener las piernas llenas de picaduras de mosquitos que parecen heridas NO ME HACE GRACIA. ,N
@liamverse se llama saber cual es la mejor forma de crear estructuras que aguanten ese peso ,NONE
"@Mercadolibre Enhorabuena por los geniales resultados econ√≥micos de r√©cord del trimestre pasado, hac√©is un gran trabajo ",P
Hay una exposici√≥n de cuadros y uno de ellos est√° estropeandose por el agua del aire acondicionado que le cae encima ,N
"@CrimsonGhost__ Tio entonces piensas que mosca es un insulto, yo creo que eso es un poco irrespetuoso a las pobres ",N
@PattyCavallone Para los chicos es mil veces m√°s f√°cil donar que para las chicas ,NEU
lo malo es que faltaba su mid y acabaron haciendo remake ,N
@Diego_FDM @el_pais La noticia perfecta para #NotasDelMisterio ,P
Hoy toca escuchar a #MiguelRios con otros grandes artistas...  #Insurrecci√≥n...,P
El Espanyol interesado en Akt√≠ Mel para reforzar su defensa esta temporada. Llegar√≠a por 2 millones del L-Casei Imunitas griego ,NONE
"@juliojota96 Perd√≥name la maldad, Julio, que sabes q te quiero, pero borr√°ndose del AMI se combate al menos a los separatas    ",P
@Iluminaughty_ @Spiegel_Spike_ pues me da igual  yo escribo lo que pienso ^^ y cuando lo pienso ajajaj si es que lo pienso ,NONE
"@miguelagaiteiro @cultrun @lozanoirene Si hay que pecar de algo, que sea de ser buena gente! ",P
"@JuakyB me quedo tranquilo entonces, pero ir√© mirando la opci√≥n del coche ",P
Mi puto novio me ignora y quiero saber si hay un chino cerca de la biblioteca ,N
He salido de casa sin ir al ba√±o y me estoy meando como una persona mayor ,N
"@ferdiazgil @FranDguez s√≠, lo he le√≠do  ese templo grande es el que he puesto en IG. Ha perdido su parte superior y est√° inaccesible",N
"@AdriMarinaB As√≠ me gusta, cada cosa a su CCAA. As√≠ dejamos de cargar las culpas a nuestra querida naci√≥n. ",N
"@ManudeOrleans pues yo no hay manera, y eso que tengo recuerdo lejano y de stats tengo una media de 69-70 ",N
"@pobrezacero @nuevatribuna @ruthtoledano @FelipeAlcarazM @carlosbardem @carnecrudaradio @agarzon @cayo_lara Vamos mal, no... peor ",N
"@lonchbox aaahm bueno, disfruta la vida por esos lares, yo me vuelvo a Rusia en breve ",NEU
Silvia pesada deja de dar rt que me sale doble notificaci√≥n ,N
"@NeithanWolf @Cinefila_91 @Cinedepatio @SensaCine ""Resultad Sobrevives"" lo de estar loco funciona  ",NEU
"@concht1 pero nos hemos desmovilizado, Concha. Nosotros/as solas dejamos las calles. As√≠ nos va  @CiudadanosCs",N
"Me he agobiado much√≠simo porque no encontraba a mis amigos en el Bar, luego he recordado que no tengo amigos y me he puesto feliz ",NEU
en realid√° √© algo duro de asimilar ni el alcohol me ayuda ,N
@Boardgametotal los √°bacos si est√°n permitidos. Sobre todo porque la mayor√≠a no saben usarlo ,N
@beautyblog_es @isasaweis @_ANAMILAN_ ohhhhh eso tiene que ser muy divertido  me imagino que los hombres est√°n vetados no?üòÄüòÄüòÄ,P
tio os quiero mil a los que me hab√©is hablado ,P
@peroquedicesss en realidad es hip√≥crita todo eso como la camiseta esa de femimism del hym pero creo que en la vida cotidiana algo hace ,N
"Hab√≠a un hombre en la calle.
Estornud√≥ y yo desde la ventana le he dicho ""salud""
Me mir√≥ mal y sigui√≥ caminando 
",N
"Me veis en persona, no me saludais y luego me hablais para decirme que me habeis visto ",N
"@BlasAuryn si es que no puedo olvidar cuando te viii, imposible. Que resumiendo, no te puedo olvidar  y no lo har√© jam√°s chiqui ‚ù£Ô∏èüíû",P
"@DTM_Spain    En las carreras es al rev√© a m√°s inter√©s, m√°s coches  ... pero t√∫ mismo lo dices, es una empresa, aunque se venda ...",P
@Garcaterra estoy total y absolutamente desesperanzada  @ahorapodemos,N
"@Sorayita_push Bien bien, si estan celebrando un cumplea√±os, si todos nacieron el mismo dia hahahahahahha al menos son dos cap√≠tulos ",P
"@Betvs_19 cucha, una independentista escribiendo en espa√±ol!! Por muy del Bar√ßa que soy, te vas a buscar la vida  grassias.",N
Porque son tan manipulables los peque√±os ? Y porque no ven a su padre igual que a su madre ? Triste ,N
@ApoyoCR7 Muy chulas esas gafas Paula  Y lo de guapa es talento innato tuyo :,P
"@DiegoPajaron @miguel_prat dicen que tira pa, san Mateo ahora Jaaja ",NONE
Esta tarde me voy a comprar un juego que estuve esperando much√≠simo tiempo... posiblemente lo suba esta tarde-noche  Yoshi aparece ,P
"Qu√© depresi√≥n me entra, de seguro gana gente que solo dio RT porque s√≠, por probar suerte y no verdaderos fans ",N
"Gracias Victorerubio por recomendarme el seguimiento de @MandalaBeach. Artistas de talla internacional, mon√≥logos y musica en directo ",P
@sabrygarciarena Muy sexy Sabrina! Besitos y feliz d√≠a! ,P
@RyFsw jajajaja.... eso es una indirecta  preparate #F que quiere reformar el ba√±o,N
WORK FROM HOME!! Ser√≠a espectacular y poder verlas m√°s!  #ConMTVal727Tour,P
"Esta bien tener hermanos, siempre y cuando uno de ellos no decida ser subnormal perdido ",N
@DiegoPajaron @miguel_prat doble sub-campe√≥n de Europa  algo es algo jaja,P
@LuisFBonilla @isabelsevilla9 @adirecto @peichsantana Ole los buenos almerienses!!!! Mil besitos!!!! ,P
"@ToniThrowdown ahora tengo un dilema. Ay√∫dame Toni 

Y en 3DS porque me sali√≥ a 25 euros nuevo https://t.co/2bSRMWnrZ5",NONE
lo mejor es que son conversaciones normales y corrientes sin ning√∫n √°nimo de ligar pero  simplemente porque no se ligar ,NEU
"@DieRaposa @DrXaverius y otros bi√≥logos como √©l se sentir√°n complacidos.

¬°Mola mucho! ",P
"Est√°s haciendo MUY feliz a todo mi tl,yo tambi√©n quiero que me sigas  @BlasAuryn",P
"@iruri gracias, ya eran necesarias tras un duro a√±o de trabajo  ¬øhas cogido t√∫ ya?",P
"@MrMedra ay, joder, que resulta que es completamente vegana. Pues ya no me la compro. ",N
@__mxty Para cuando me escribes mi nombre bien precioso ,N
"@Jabokatu yo no tengo ni idea y soy la primera que dice ""tiempo reglamentario""  pero en su d√≠a me convencieron de que estaba mal dicho.",N
"@JeCaSWords @Humoryfotos El tuit va acompa√±ado de una foto que quiere decir lo contrario, S√ç es sarcasmo ",NONE
"@edortaramirez un click m√°s, scroll y a veces el usuario se queda un poco colgado sin saber bien lo que tiene que hacer ",N
"@Ronan_Coke @angelesuc1 @josecg96 @Airatarra @andarellabcn Muy triste, pero no olvidemos la inestimable colaboraci√≥n del estado en ello  ",N
@escapeofthecrow el rottweiler es precioso pero... Esta zumbadisimo y ataca  y yo muero de ganas de achucharlo,N
@rossiepussie @luciakawaii1 te lleguen a entender y a respetar. Muy malos tienen que ser para obligarte a comer algo a la fuerza ,N
"Si es que lleg√°is aqu√≠ desde mi Favstar del cret√°cico y claro, luego no me dur√°is ni un suspiro. Que mis neuronas no son como antes, jop√© ",N
@AndreaNavedo Hola bella Andrea!! Qu√© tengas un maravilloso d√≠a!! Besitos! ,P
En fin estoy m√°s sola que la una viendo como una bollera duerme y esperando como un perrito pa q me saquen a pasear ,N
"@mamarracha2000 yo los vi en el Low cost de hace 3 a√±os y me decepcionaron, aunque dicen que lo mismo hacen una cagada o son la hostia ",N
@TodoMegaDrive esta vez me decanto por la japonesa. P. Me encanta la batalla de caratulas ,P
@MarckLebowski michael jackson tambien y la gente canta sus canciones ,NONE
@Miraqbien podr√≠as solidarizarte conmigo y no comer ninguno... ,NEU
@kioskoAMM @gloris72 @olivares1965 @Tomasimedia @madeinLeon Gracias pero los importantes sois vosotros.  Los mediadores.  Sois muy buenos ,P
Volviendo a la actividad en #PlanetaInquietante con otro curioso hallazgo en Canelas.  #Portonovo,NONE
"@RarrochaR bien dicho Roberto,  las cosas por su nombre,  porque nadie dice cola cado ",P
"me acaba de seguir una p√°gina para ligar por gustos musicales.
s√© que estoy sola pero ",N
Tengo una hermana que con ella no me puedo aburrir jaja creo que todas las gilipolleces las ha aprendido de m√≠. Es como una segunda Nicky ,P
@FannyGEnguix estar√°s super mona  cuando pueda lo mirar√© yo tambi√©n. Me molar√≠a grupal de 'chicas Spidey',P
"@EstherSwaggy ¬øhaces tambi√©n la misma carrera? Jo, igual de una comunidad a otra cambian, be positive ",NEU
@Polifack yo es que me asust√≥ muy f√°cil con el rollo paranormal ,N
"@BroomKurosawa pues descansa t√≠o, si se pone grave la cosa no podr√°s jugar en much√≠simo tiempo ",N
@cantabriamiguel @Fabiana_tfp @elmundoes @larazon_es @elpais_espana n escarmentams a ver si van a ser mismas encueshshtasshs eh @ierrejon ,N
Sara piensa q vivo rayada xq me duermo escuchando a beret y weno ,N
yo con un mensaje de buenos d√≠as y un coraz√≥n soy feliz ,P
@anhela_ @Maxferibar @elprogramadear @PSOE as√≠ es compa√±era. Un fuerte abrazo! ,P
@NormaRuiz01 Y t√∫ tan estupenda como siempre!! Besitos y feliz d√≠a!! ,P
al menos con ftwd se me hace m√°s ameno esperar a twd en Octubre ,P
@FunInFvneral qu√© burrada pusieron hoy?? Que llevo meses bloqueada por otra heterada y me lo perd√≠ ,N
@YEYIximmm hace una semana que se sabe  yo ya espero la edicion completa del juego ,NONE
@NuriStill @MartuBlackRed pues si eso har√©.. y lo sigo haciendo  ya que haga lo que quiera. No pasa nada.,NEU
"es que todos los que dicen que los que escuchamos a ""los gemeliers"" somos adolescentes de mierda son los primeros adolescentes de mierda ",N
Hay videos que no se env√≠an porque no tengo espacio en el m√≥vil as√≠ que lo siento ,N
"2h y 31m para que acabe tu descarga 
Me cago en mi puta vida.",N
"@txispitabi no te hab√≠a reconocido en este perfil  El placer es mutuo, guapa!",P
@ConsueCaballer jajajajaja pues que se vuelva loco conmigo leches... llevo dias pet√°ndolo y nada... ,N
@EduEmoEsc muchas gracias por seguirme. Nos leemos ,P
@victorypeace76 @martiade @YouTube lo de la sortija es un buen detalle!! gracias ,P
Me recomendais alguna silla gaming buena please ,NONE
@Escuarantula sigo siendo feo pero es que cuando me conociste no ten√≠a el pelo rojo ,N
"Pocas maneras mejores se me ocurren para empezar una semana... 
https://t.co/P5wOXm5ffl",P
"gracias por ser mi sorpresa y ser tan genial, nos vemos pronto seguro @AntonLofer ",P
@2KEspana sab√©is si el NBA 2k17 va a tener juego cruzado entre pc y ps4? por ejemplo? ,NONE
Ya a saber cuando vuelves a hacer un #FollowExpress  lloro @BlasAuryn,N
¬øAlg√∫n d√≠a ser√© feliz por tener tu follow? @BlasAuryn ,N
@CiudadanO_O @Moralzarzal con lo f√°cil q ser√≠a educar para √©stas cosas... qu√© pena ,N
"Hoy microaventura en #kayak con dos expertos kayakistas 
R√≠a de Villaviciosa. @ El Puntal‚Ä¶ https://t.co/y7j88bRmYK",P
"Quiero esta figura de Madison  ojal√° que la pr√≥xima en salir sea Alicia
https://t.co/dTnJsrR8to",P
@ladyfrigopie no lo has dicho. Eres rara.. bueno eres diferente ,N
"Preparando la maleta, proxima parada #huelva #fiestasconamigas  üíÉüèªüëØüöÜ",NONE
"@ADios_hi @elespanolcom Pues menudo susto. Al poner ""Tolerdo"" pens√© que se refer√≠a a su parodia @WillyTolerdoo ",N
"Rub√©n y Mangel deber√≠an hacer como en 2013 y mencionarse en Twitter a cada rato.

As√≠ nos har√≠an felices  *no lo hacen*",NEU
@AntonioPV98 @CeliaOgalla28 mis amigos hablando jodes .... K bonita amistad ,N
"@KatyKlav se siente, ya est√° dicho ",NEU
"buenos billete pa cuba comprado, ahora a hacer mas dieta porque se ha deretido la tarjeta ",P
@PapelitoRojo @sushuneta fue genial  debemos organizar m√°s cosas as√≠ sin necesidad de que nadie abandone el pa√≠s üòÇ,P
"@NeoDonNadie de sobra, si solo somos 3  dime tu ID y ya te agrego ",NONE
@ericelhumano a las lesbianas machorras y eso ya no lo veo bien  de hecho lo malo de las pelis es que los suelen poner de personajes ...,N
@ranlemontralara estamos todos juntos en esto ,NONE
"@slcuervo no se valora el potencial del espa√±ol como lengua informativa en internet, negocio que se le escapa entre los dedos a Espa√±a. ",N
En fin @kenneos espero que recibas este tuit en otra realidad alternativa donde sigues viva porque ah√≠ no se acaba tu camino  ¬°suerte!,P
"@Bvillamor_gay ha sido un placer! Muy profesionales  hoy en @ed_tve a las 19,39 ",P
"@luciaaaypunto No se , creo que no . Yo solo mire mi fecha ",NONE
@Ana_d_Armas T√∫ tan bella y con estilo como siempre! Te mereces siempre lo mejor!! Eres maravillosa!! Besitos y feliz d√≠a! ,P
"@cigotenks Me apiado de ti, yo me entero de que existen porque t√∫ los encuentras. O sea, alguien los lee primero ",N
Quiero hacerle algo especial a David para que cuando lo vea sonria pero no se me ocurre nada ,NEU
"Lo he a√±adido porque antes no sabia hacerlo, pero estuve leyendo estos dias bastante y encontre el modo de hacerlo perfecto ",P
@AoDimi yo es que durante el verano y con la matricula hecha he cambiado de opinion. Quiero dar psicologia pero toca FP de infor ,N
"@MonchoYT @JonathanFaus2 estoy cansado ya de salir a la calle y que todo el mundo me para para hacer fotos, esta vida es muy dura ",N
.@UGMadrid la recomendaci√≥n en nuestra. ¬°Nada mejor que una buena partida de paintball! ,P
"@Mary___says no te voy a criticar por subir un video desagradable, pero te invito a que vayas a Cuba y te quedes un tiempo a ver que tal ",N
"@HawkersCo @Hawky_  #NecesitoElViajeAAndalucia bueno si un tal premio al mongol o algo as√≠, pero eso era malo ",N
@Rachel_Green_ S√≠! El escenario MUWI Revell√≠n es gratuito y abierto al p√∫blico ,P
"@FantasyLaLiga Hola no se actualiza clasificaciones y lo que es peor, el mercado est√° vac√≠o desde hace tiempo ",N
me voy a quedar af√≥nico de tanto hacer guturales con fiebre ,N
"@Gabi_Herranz @KNekro La promocion solo es para los que no saben como gestionar un canal por si mismos al fin y al cabo, la via rapida ",N
"@Gabi_Herranz @KNekro yo se lo dije 10 veces ya, pero el me sigue teniendo ese peque√±o odio... es comprensible, siempre le caere mal ",N
aqu√≠ escuchando el soundtrack de mamma mia con la ex dancing queen de mar√≠a ,NONE
@mrswxllace tres tristes trokistas pican piedra en un gulag ,N
"que te echo de menos cosa chicaa! 
 https://t.co/9QIk0GIVzO",N
@vinagreando tendremos que probarlos y de paso hacer alguna video receta chicos  @cocinadeenloqui,NONE
"@sandyxyxx es lo que tiene Amazon  a uno que conozco le llega el Lunes, si√©ntete afortunada ",P
"@gloriatn 
-felicidades!!! üéâ
-sales genial en tu icon
-no te conozco casi nada
- ",P
@kurokatze_ si es eso  pero bueno yo que se cada uno tiene sus gustos porque xd amiks,NONE
"Eso si, soy una persona MUY ir√≥nica y me gusta much√≠simo el humor muy as√≠ ",P
"@HormigaZYT Como s√© que eres un flipado y no vas a cambiar, enmarca esos defib kills, as√≠ tienes el unico award que ense√±ar a @edureus94 ",N
@kurokatze_ yo nunca la he podido ver entera porque literalmente me duermo ,N
@Luis_Callejo Hola Luis!! Vendr√°s a Barcelona a promocionar #TardeParaLaIra ?? Un abrazo crack y feliz d√≠a! ,P
Ese momento en el que no tienes megas para ver el video y en casa de tu padre no hay wifi  #MamaHeAsesinadoAMiNovia,N
@lejosdelmarfilm @VeronikaMoral Ver√≥nika es una gran actriz y sobretodo una maravillosa persona!! Deseando verla ah√≠!! Besos! ,P
Estoy preparando un mont√≥n de ideas muy chulas para el canal  poco a poco iremos subiendo el nivel y la calidad de los v√≠deos ,P
"El d√≠a 2 tengo los ex√°menes, suena lejano pero es la semana que viene jajaxd ",P
"@intomyhoran casi todo tiene manteca de cerdo, las gominolas(tristemente) no son lo √∫nico ",N
@ManuelIzquier14 en septiembre limitan el horario de toboganes pero las piscinas siguen abiertas hasta noviembre ,P
@michellecrecida y las galletas? Buenos d√≠as Michelle ,NONE
Buenos d√≠as @ainhoa_mallo  Y que podamos contarlo ,P
"Buenos d√≠as, esto va en serio....primer d√≠a de curro..... #FelizMartes!! ",P
Ultimamente estoy comiendo muchos macarrones... gracias Se√±or @marianorajoy sin ti esto no ser√≠a posible ,N
"Xenomorfos imprimados y a apenas seis horas de ""Mankind Divided"". ¬°Menudo d√≠a! ",NONE
@Duke_apologia ? Este Tweet no est√° disponible. dice q el link no existe ,N
@tifuho ¬øuna funda asustadiza? Y su funci√≥n...¬øsobrevivir para luchar otro d√≠a?  ,NONE
"@LetInNeverlxnd se nos queda peque√±a, s√≥lo 300 de aforo ",N
@sitgesfestival Genial!! Vendr√° @RachelNichols1 ?? Saludos y buen d√≠a! ,P
"@nenina74 @CrisLaLider no estoy de acuerdo, las cicatrices siempre recuerdan dolor, sufrido o provocado ",N
@elPachinko ¬°De nada! Me gust√≥ mucho ese paseo alternativo por otro Gante ,P
@vegetta777 @WillyrexYT @bysTaXx  que tal en el concierto  os lo pasasteis genial?,NONE
@Rubiu5 cuando diras los ganadores   PD:buenos dias que tengas un lindo day,P
"@hundredrooms @ohmyworld_es Qu√© chulada! Mola mucho el post, chicas! ",P
@bekiaes Tambi√©n es el cumplea√±os de la preciosa actriz @luudelafuente !! ,P
Ayer iba a probarme el cosplay de Nozomi chico y verme los primeros caps de Diamond no Ace... y no pude ,N
"@Neinyatta A mi el de Babe me gusta mucho, y si no sesderma creo que va muy bien ",P
"@MarioEM_95 a√∫n le queda un poquillo, pero por supuesto. Aunque tengo lista de rivales pendientes ",NEU
"@CharlieReckless ll√©vame a tu casa, la otra vez blastoise y hoy dragonite ",NONE
@Albert_Rivera @PatriciaReyesCs @europapress  Y el contrato √∫nico va a ser posible?  Gracias por la respuesta Bnxes ,NONE
"Los canales de Latinoam√©rica como Andr√©s Navy, Extraordinerd o The Top Comics tampoco est√°n nada mal, hay muy buen material ",P
"@agarzon por cierto, felicidades  
Gran noticia.",P
Hoy es el cumplea√±os de lo m√°s mol√≥n de La Hoya ¬°Felicitad todos a la bonica y maja de @IrlesEva! ,P
"@doctorgaona Es intrigante la autoexploraci√≥n de los estados de consciencia a trav√©s de un espejo, de la mano de un pionero como Gaona ",P
"@Lakarcel @pimpsokzio ya me lo llev√© la semana pasada, pensaba que ser√≠ais los primeros en darme, jo ",NONE
@ULPGC hola   ¬øme podr√≠an seguir para hacer una consulta por Mensaje Directo? Muchas gracias,NONE
"Vale, pero creo que tendre un peque√±o problema 
No se si podre tener las llaves el piso para las fotos https://t.co/WOvpvT0I7s",N
@erlik imposible  he tenido un par de horas libres solo. ¬°Ha sido una visita fugaz!,N
De las pocas veces que hablamos por skype me pareciste una grand√≠sima persona ,P
"@AgnesFL1984 Pues tuvo que ser al ponerme el pijama pq √∫ltimamente uso vestidos largos.
Tengo un ronch√≥n considerable ",N
"@chiscoyo hombre!  Yo siempre y con la gente que me cae bien claro, con los que me caen mal ni agua  Muacc",NEU
He vuelto a escuchar Orishas 5 a√±os despu√©s y es maravilloso ,P
Estoy pasando por una cuerda fina de inestabilidad emocional a gatas ,N
A ver que asi a lo tonto me quedan solo 2 dias en Galicia. ,NEU
Como apruebe (o si suspendo pero paso) voy a montar una fiesta y no parar√© de beber hasta k mi h√≠gado reviente ,P
"Os ha dado por un tweet mio del 16 de agosto a la hora de dormir cabrones, tendr√© que silenciar el movil ",N
acabo de hablar con alba y ya esroy un poquito mejor ,P
@landscps pues imaginate en una casa muy grande ,NEU
vale acabo de ver algo muy desagradable gracias cris y buenas noches ,N
"@relatosgregorio Gracias a datos como esos, hoy d√≠a tenemos un mejor cat√°logo s√≠smico con datos hist√≥ricos ",P
"@hyrulen @PartidoPACMA Claro, es que es muy com√∫n que en los pueblos no los tengan en pisos, los llevan a la huerta y los tienen solos ",N
@sammyriotmars Cierto  qu√© bonico es darles otra vida a los libros,P
@LoraInThePanda @_girlpride_ @Sorendix lo mas gracioso es que diciendo esas cosas solo fomenta aun mas el odio hacia el feminismo ,N
"@OscarBV96 tio que depresi√≥n. Pero no pasa nada, el amor lo soluciona todo ",P
"@wilma_lorenzo No dobles las esquinas! üò±üò± 
Pon post-its!, se queda m√°s cuqui  https://t.co/DFKQaseaNA",NEU
"@SlaveofJavier, experto en hacer reencuentros inolvidables since 1994 ",P
"@JohanaGonzalezD y mi pobre hija tragando, no es justo ",N
"@antobosca ah vale, jo Boski yo quer√≠a jugar contigo ",NONE
Que entro al youtube i casi tots los videos son de haul material escolar i pos mira ,NONE
Me gustar√≠a arreglar tantas cosas pero no puedo arreglar ninguna y es muy frustrante ,N
"Se viene pelea y de las fuertes entre Willy Toledo y el Peque√±o Nicol√°s  
#HableConEllas",P
#TrendingEstreno mi artista favorito es @LEONBENAVENTETW para ver en el @dcodefest  @Los40Trending,P
@ElviraChas #WillyToledo dici√©ndole a la cara las verdades de #HableConEllas. El primer entrevistado que se atreve a hacerlo en directo ,P
"Os imagino tal que as
- oye t√≠o digamos que somos aliados para follar m√°s jeje 
- venga t√≠o,va a ver si cuela ",NONE
@rabiekhd jajajajajaja me meo que yo tengo mi novio y √©l tiene su novia y estamos los dos contentos ,P
"@RanLuna13 Ambientado tambi√©n en Italia, es una comedia sobre una serie de parejas y entuertos, con honor, clase social y mucho humor ",P
"@virginiadlp ahora es cuando tomo mis notas y comienzo a hacerle preguntas a mi nueva ""hija"" ",NONE
"Se acabo lo bueno no tardes en volver 
 hasta el a√±o que viene",N
@rabiekhd @Omr_dh nos hemos conocido hace unos cuantos a√±os y claro surgi√≥ el amor ,P
me pone muy nerviosa que la gente no entienda que A VECES PUEDO BROMEAR ,N
"@Juanjok Mira q me gustar√≠a, Juan, hablar contigo con emoticonos, pero est√° visto que ntros m√≥viles no son compatibles! ",NEU
@lol_spain ¬øcu√°ndo son los pr√≥ximos partidos? ¬øD√≥nde esta el calendario? Gracias ,NONE
"@Ricky_XCX @AikoLeru Gracias!! ^-^
Que pena  
Pero a la pr√≥xima ser√° üëç",N
"@jose97angel ay, ayer cuando lo publicaron y lo vi me entr√≥ un sentimiento m√°s grande por dentro...   ",NEU
"OMG esta no he acertado, premio para Calvin que tampoco est√°  1 de 2 aciertos #VMAs",N
@Alex_Yazawa a mi me parece entretenida pero ojala oudiese acceder a las comunidades inglesas ,N
@ZoeStrange es que Nacho est√° haciendo una cadena graciosa ,P
"@MrPlayforlive Para ser un filler tiene bastante chicha... XDD, si es muy bueno entra al Olimpo con el Duel, los 2 mejores filler ",P
El principio ha sido s√∫per iconic pero con tanto movimiento iba muerta la pobre  #VMAs,NEU
"@rafaMartos_ @IsraelGV2 cari pero ha sido la parte dance, despu√©s vendr√° la parte vocal ",NEU
¬°Gracias a ti @cesartgil! Que tengas una buena tarde  #FelizLunes,P
"[INFO] IGOT7, no hemos comprartido nada sobre los ISAC porque no esta permitido hacerlo hasta la emisi√≥n, haced lo mismo hasta entonces ",N
"@SweetSuricata me pasaba igual xD, de todos modos el control de NiOh no me gusta nada ",N
"@dafnedelray me siento very important jeje no en verdad no, esto es una mierda ",N
"VALE YA FUNCIONA ALELUYA he tenido que cambiar el boton de la palanza derecha, por el de la izquierda q estaba roto ",P
@hyrulen @PartidoPACMA Tu no tienes familia con huerta y perros no? Los tienen en unas condiciones estupendas ,P
"@Tu_PS4 @ComunidadFF Pues perfecto, una buena cerveza entra siempre bien ",P
@pandeliria @eltuitdrink Bien! Yo no se que tiene el mundo en contra de la tercera generaci√≥n  Mi fav es la primera pero merece la pena.,P
S√≥lo la Karlita me entiende y me da buenos consejos ,P
Voy a dejarme crecer las cejas a tope en plan naturales porque ,NONE
y llegoo @dominguezja para ponernos a gemeliers!! besos desde Motril  @canalfiesta,NONE
"@pau__27 Pero es una alegr√≠a ver toda la gente que ha salido en defensa de los cl√°sicos y la cultura, estoy gratamente sorprendida ",P
@Belunitaaa alg√∫no subiria acongojado por los precipicios ,N
"üåº evan peters üåº

-casi siempre me equivoco y pongo evans peter 
-dejadme
-es muy sdasldjalsk",N
Me  he acostumbrado tanto a ver v√≠deos de @WildHater  pelirojo que veo  los suyos antiguos  y es como ,NEU
"@polux_prm Impresionante. Una pena que hoy no pueda hacer una foto del atardecer..
P.d Gracias guapi√±o ",N
@valabina @kuluska y como ya sabemos todos el amor no solo es ciego sino que no entiende de criterio musical ,N
@Carter1628 Claro. Tengo mazo de ideas para este √∫ltimo cuarto de a√±o ,NONE
@gallifantes @trinitro @esparver Ese √©s un fallo grave. No he podido darle un vida plena ,N
"@angstiness tienen muchos problemas de espalda, rodillas y tobillos  pero solo compiten hasta los 22 o as√≠. Con 22 ya eres viejo.",N
@Jorge_LBU estamos enamorados y a veces me hace da√±o porque se va a chupar culo de otras perras y no me dice nada  #crisis,N
@y2konya justo esta ma√±ana no ha podido insultarlos porque estaba en comisaria AMPLIANDO LA DENUNCIA POR ACOSO ,N
la jardi y yo estamos aburridas pa cu√°ndo vienes?  @Parsimonyan,N
"@r_falque bueno, a veces es lo √∫nico que tengo, y hay algunos que merecen la pena ",P
"Por fin mis amigos me empiezan a visitar en mis destinos de trabajo, solo han tenido que pasar 5 a√±os!!!! (Bueno en Guada tb tuve  )",P
"mi espalda esta bien chicos no os preocupeis 
P espero que el juicio sea lento y me libre de la carcel
https://t.co/TBkC1vIvOO",P
"@FaranduleroYo Jo  no me parece bien porque se va a ir Yessica a la primera, pero bueno al menos ha llegado al TOP8, no la esperaba aqui.",N
@montse_garcia  habr√° que acompa√±ar la temporada seguramente exitosa de James con un recordatorio frecuente a tu descomunal trabajo ,P
"@JohanaGonzalezD es la mejor y la peor a la vez. Yo la quiero de vuelta, no me la pueden quitar as√≠ con otro cuarto puesto en R√≠o ",N
"@LittleWhore666 casco viejo, al final de somera ",NONE
"@Currina_ pues no, algunos lunes son maravillosos...por ejemplo el de hoy! üòú Hasta ma√±ana! ",P
"Oie , adoro mi cuenta , llena de cosas bonitas ",P
@iriswextallen pues estar√°n viendo una serie diferente que t√∫ y yo oye porque no hay absolutamente nada entre esos dos ,N
"Me encanta estar as√≠ de feliz...ojal√° y esto toda la vida!!! Buenisimas noches  Gracias, te amo @juanjoatleti üòôüòò",P
@mariio97 2 asistencias me han faltado para el triple doble ,N
"Hoy ha sido un d√≠a duro, y me he pillado un dedo con una puerta y me duele mucho  pero se me pasa sabiendo que ma√±ana veo a @ManuDrugs üíöüíö",NEU
Libros que enganchan desde la primera p√°gina y hacen que el tiempo vuele....! Buenisismas noches ,P
En fin me voy a dormir dadme unas buenas noches bonitas por MD ,NEU
"@dime_quefuedeti Tod@s deber√≠amos llevar en nuestro d√≠a a d√≠a, est√° frase, ya q tod@s somos inmigrantes en alg√∫n lugar. ",NEU
@Laura_Jovi pues Floki ser√° el siguiente  Muchas gracias por haberme ayudado ,P
@tenistachanel @100 si haase hace otro set y janowicz el over. Me voy a estar acordando del puto chino toda noche...... ,N
Decidle a los de spoti que vuelvan a poner la versi√≥n ac√∫stica de Creep  @radiohead,NONE
Lo borro y lo rehago ,N
Es que es de los abiertos y no lo puedo llevar a clase porque no pudo dejarlo en el asiento que se cae todo ,N
@aberron Al final lo acabaremos pagando los consumidores ,N
"@aladroqe Quiz√°s es porque tambi√©n hay pocas personas de esas profesiones involucradas en la po√≠tica, y si mucho bur√≥crata ",N
@cafelluvia Bonito rinc√≥n  ¬°Qu√© ganas de ver la nueva web!,P
tengo s√∫per ganas de comerme un peaso de ciego que flipasss pero la cosa es con qui√©n pq nadie quiere beber ,N
@KILLYTokio ¬°artista! Muchas gracias por ayudarme a dejar el libro bonito ,P
"@Heikki_360 Vale 

Lo he probado hoy y me parece muy bueno... ver√© tus v√≠deos ",P
me he tenido que poner unos calcetines porque siempre tengo los pies frios y me pone triste calcetines en verano ,N
De que color cojo las plumas de mis nuevas flechas??? ,NONE
@JaviviCGT poco pero intenso  estoy por pirarme un d√≠a a sevilla con el Mario,NEU
Buen viaje a todos los cod players que van ma√±ana a bcn pasarlo bien y disfrutarlo que yo no puedo ,P
"Manuel Carrasc 
-Uno x Uno me gusta 
-Vale
-Ok
-ta luego maricarmen 
-no me gusta pero, vamos a decir que lo respeto 
-me se canciones",NONE
No puedo poner el insta histories ese raro  alguna ayuda?,N
"@CdeCiencia Bueno, el fr√≠o es lo de menos, siempre te puedes poner un buen abrigo ",P
t√≠o pero el final es una mierda me ha dado much√≠sima pena de verdad pero bueno no hago spoiler pero pf ,N
Quiero que en mi foto de carn√© en lugar de una fotograf√≠a de mi cara me dejen poner un emoticono de carita triste ,N
Sab√≠a yo  qu√© triste nadie me hace caso,N
Pensaba que iba a morir en la carretera volviendo de la playa pero he vuelto a Sevilla sano y salvo  vaya tela,N
"@marcasgz menos mal que no has dicho escuchal üòÇüòÇüòÇüòÇüòÇ
#enlacabezaNo #loSiento ",P
"Se busca KAORI para el s√°bado del sal√≥n de MURCIA  en noviembre 

No quiero ir de Kousei sola   RT pls https://t.co/hd3o4xOqGH",N
@LahoraALT @asidesastre @molo_cebrian @CriadoEnterado me falt√≥ @p8ladas y eso que estoy deseando escuchar sus vi√±etas musicales y lo sabe ,NEU
@GuzmanNavarro08 @SaezManu10 plan C de capullos mejor ,N
@GreenParadise_ siiiiii t√≠o  el viernes te invito a una litro jurao,P
Estoy en una monta√±a rusa emocional en la que pilotan mis ovarios. De putis ,N
No hay nada m√°s bonito q separarse d una persona y q al tiempo t diga q t echa de menos... pero a mi no m va a pasar ,NEU
@__beatriizzzz fresquita... lo √∫nico malo fue que nos quitaron el banco bueno ,N
"Y en mi momento de alta autoestima/ego, les puedo asegurar que mi sonrisa se contagia  (en persona, obviamente)",P
@ReyBultos sabes que eso no es as√≠ ,N
"Estoy pensanfo seriamente ir ma√±ana a Bilbao de caza y de compras 
Ohhh wait pero si yo no salgo de casa",NEU
Ojala yo present√°ndome para el concurso de shawn pero como vergonzosa se nace y  seguro que no me dejan participar pues aqui estoy ,N
@Sandrarammos dio que dice po que me hable si yo soy un libro abierto me puede habla pa conocerme quien quiera ,NEU
Cuando le he dicho a la bollo que estoy morena se ha re√≠do en mi cara ,N
@aquilatiki no tengo  pero en iphone esta la app tubex que te deja salirte y seguir escuchando canciones y se pasan solas,P
@camille_blonde_ @yasmi_mendeguia lo tengo desde los 14 a√±os juntos 32 casados 30 y yo me derrito si se acerca y el se desvive por k este ,P
"@RaulMJimenez_ @EdgarCabreraG siiiii, y de nuevo estoy en lista para ir al programa. Y luego el concierto de OT ",P
"@cyboruga a m√≠ me pasa a veces igual, prueba que te lo cambien o algo  es que a mi me lo cambiaron har√° unos meses porque antes no iba N√Å",N
"@SATU_9R @LaF1es No, pero dejarte la piel, ir 7¬∫ y descartar los puntos s√≠. Lee el text Carlos nos lo explic√≥ muy clarito ",NEU
"@ReinaDeLosGatos mira el hilo, que est√° explicado  es el primer planeta (b) de la estrella Pr√≥xima Centaur Pr√≥xima Centauri b",NONE
"@OmegaESP estar√≠a a un paseo en tren de Madrid, y tendr√≠a findes largos cada dos semanas... ",P
"@TheLordOfKai por eso he dicho ""casi"" como m√©todo sutil de aproximaci√≥n ",NEU
"Pablo contin√∫a su hilo, imprescindible.

Luego haremos crowfunding entre todos para hacerle un ""Medium""  https://t.co/pGJQvxKY6r",NONE
Me habr√≠a gustado hacer alguna de las de los Targaryen pero como est√°n  en paradero desconocido pueh no hay imagenes buenas de ellas y ,N
@cangasdeonis_ @lavuelta Muchas gracias! Un placer conocer un pueblo tan precioso ,P
"üåº severus snape üåº

-pobresito 
-nunca le odi√©, me parec√≠a muy estricto e injusto pero sab√≠a que algo pasaba...",N
"@lour_14 @CelopanYT Ojal√°, aunque la posibilidad es tan peque√±a ",NEU
@ImFebrer no me hagas da√±o  @xSeth_Army que cruel jajaja habr√≠a q verlo ^^,N
"@Javiturpeiro Tanto, que hace m√°s de dos a√±os ya que lo dej√© y a√∫n no me he atrevido a tener nada estable con nadie. Me da cosita... ",N
@nmlss777 ojal√° lo hubiera podido hacer negro ,N
@seelphy Genial!! Ser√° la √∫ltima parada antes del estreno en salas ,P
ojal√° justin subiendo una foto comi√©ndose la boca con sof√≠a para que os den por culo a todas ,N
Tengo ganas de hacer un stream muy especial.. Un 24horas pero con un objetivo... ,P
@goetha Jajaja ah√≠ tenemos gustos diferentes pero as√≠ tb se puede hablar de todo  #TonyYSorayaEnMalaga,P
Alba Carrillo como buena modelo haciendo gala de su profesi√≥n en la entrevista a Willy Toledo  #HableConEllas,P
qui√©n se viene conmigo ma√±ana a beber a embarca ?? ,NONE
"Un hastag por un buen motivo, dadle a tope venga  #demoslelavuelta",P
"@C3466003565 Cracias Cristina todo lo que me dices es una bendici√≥n tienes que ser paciente y veras como llega el milagro solo asi,ten Fe ",P
"Al final la triatl√≥n ha salido pero por pura tozudez ... 7:07 de esfuerzos, mi estado es de reventado para arriba ",NEU
@Spaniart En cuando era peque√±a y bailaba en mi pueblo descalza con un vestido  ¬øTu?,NONE
Creo que mi amor plat√≥nico de tw es gay y me acabo de poner tan triste ,N
@Carlotayoutube me acabo de poner mala y ma√±ana es la quedada en M√°laga  ojal√° recuperarme antes de la quedada‚ô•,N
"@kiwiliberal confundes conceptos, este es el nivel, medidas sociales ‚â† socialismo. Buenas noches que ma√±ana se madruga ¬øo no? ",N
@SuperPaperEnder Lo habr√≠as hecho con o sin m√≠ ,NEU
@rushsmith se que no me vas a leer pero si pudieras decirme a que hora coges el ave ma√±ana me harias muy feliz. No he podido verte hoy ,N
@Currice se que no me vas a leer pero si pudieras decirme a que hora coges el ave ma√±ana me harias muy feliz. No he podido verte hoy ,N
@RoEnLaRed se que no me vas a leer pero si pudieras decirme a que hora coges el ave a ma√±ana me harias muy feliz. No he podido verte hoy ,N
"Estoy poniendo fotos a lo loco porque no tengo las mias  
Pero no va tan mal...üòè https://t.co/uk0YcK18NU",P
"Y cada vez que lo digo no puedo evitar pensar que si no le hubiera ""prestado"" 650‚Ç¨ a ese, ya tendr√≠a una de puta madre  whatever",N
"@AntimadridVCF Si juegan bien, pero no saben chutar, estamos apa√±ados.  Ninguno sabe chutar a gol en el Valencia?",N
"@PGimenezFuentes @CiudadanosCs paso, paso de tener que definir que es o no es una ostia, que por ahi te escaqueas ",N
"Os lo pido por favor en serio, es muy importante para m√≠  üôè
https://t.co/STUwLW8brK",NEU
Mandame mensajes de amor que me quiero sentir querida al despertarme que estoy muy sad ,N
"Y venga, cuando os ve√°is sin un puto duro, acordarse de mi guapis ",N
Parafraseando a Salom√≥ Es mejor perder a tu hijo a que lo partan por la mitad ,NEU
Cl√°sico d√≠a donostiarra para quedarse en casita con el f√∫tbol #Donostia #F√∫tbol ,P
"gente d madrid fav aqi y os hablo, qiero conocer a gente nueva ",NEU
"@PaddockGPWorld @miquelliso ¬°Permiso ninguno, por favor! La foto es de Miquel, y yo encantado de poder verla en mi timeline ",P
@dani_xelcox la parte de acci√≥n se me hizo muy pesada. Pero los momentos bonitos son muy bonitos ,NEU
"Rivera y Rajoy no han pactado que Nivea vuelva a lanzar pelotas de playa desde una avioneta, como cuando era peque√±o. Nos vemos el 25D ",N
@carlosmoreno_ch claroooo o a varios solo que ya les vale ... PSOE roto etc ,N
Como la gente siga siendo aburrida les mandar√© a la puta ,N
@JPelirrojo me encantan los VAPES gracias por estar ah√≠ todos los d√≠as y alegrarnos ,P
"Esta noche nuevo #Directo de #Battlefield3 en el canal.
Podreis proponerme armas con las que jugar para putearme  https://t.co/tYEGhzkZy4",NONE
"@yddeon la Universidad es f√°cil porque estudias lo que te gusta 

JAJAJAJAJAJAJAJAJAJAJAJA ES TODO MENTIRA",N
@_cuteresa Son dos frases. La una complementa a la otra. As√≠ se entiende mejor ,P
@bryantorresFSH @uby77 claro bryan es otra cuesti√≥n del tema ... Si abres m√°s d√≠as alquiler m√°s caro . ,NEU
@veronik87mlg algunos callaos pa que no nos digan reventaores la Yihad! ,NONE
Pues me han metido un buen repasito en la final de hoy del torneo de Liga Playstation jejejeje se notan las vacaciones ,N
El solo que hace Rosendo en Flojos de Pantal√≥n es Flipante!!! ,P
"@PapelitoRojo @pedrojcases no me lo como, solo muerdo y estiro  y si llevo las cut√≠culas bien, no lo hago, ahora est√°n top ",NEU
"@kriisvlc @informativost5 @telecincoes Noooo estamos todos en Lucena, q miedo ya no se puede estar tampoco tranquilos en la playa  ",N
@Charmimedicen A gente tonta es dificil acostumbrarse ,N
@gemacorga pod√©is pasar gratis para la siguiente temporada ,P
@rafalasa @ruestern @Eleder_ Pero si los waitos ya est√°is aislaos! ,NEU
"¬øAlguien es tan amable de ir a hacerme la compra ma√±ana? 

Estoy de un baj√≥n y de antojos que‚Ä¶ https://t.co/Z5qC6TIOBC",N
Pues esperando al se√±or @DarkFabio666 para la caza de pokemon nocturna me hallo ,NONE
Yo solo quiero a alguien que odie A7x conmigo ,NEU
"@MaiteCerezo @RenRiesgo a vosotros las manchas os quedan divinas y a mi me han potado un arcoiris en la cara con mucho odio, no es justo ",N
@CarlosSadness Faltan las canciones que cuando est√°s triste te hacen llorar y a la vez re√≠r cuando est√°s alegre ,NEU
"Esperando la nueva temporada d #SuperShore2 ,vamos calentando motores con el estreno de #AcapulcoShore3 esta noche a las 22:30 @mtvspain ",P
"Obviamente las preguntas tienen que ir en el e-mail, no ENCIMA del v√≠deo ni nada parecido, sino no podr√© usarlo ",N
@hackandbeers Muy buenas amigos!  Como podemos contactar con ustedes?,NONE
"Esperemos que todo empiece a tirar para arriba porque se necesita mucho para despegar un proyecto asi, y es el unico miedo que tengo ",N
"Me est√° molando bastante el rollo este del knifing, encima los tricks con bal√≠stico no se me dan nada mal ",P
"Hace tres d√≠as que entre a @HawklineClan y hoy me he pegado el segundo clip 
1080 desde lo alto del ala del caza https://t.co/8x4DVAFGSp",P
@EvaGelCot DONDE LO VES!!? Es mi programa favorito üò¢ y s√≥lo encuentro hasta temporada 5-6 y esos ya los tengo vistos ,P
"@Formalito_soy @JaniJoplin Se nos pone sentimental  Pa√±uelos, por favor!",N
"El pr√≥ximo v√≠deo es simplemente explicando c√≥mo participar para salir en ""Respondiendo en Verso"" especial 500.000 ",NONE
"@Juliaa_Coutoo muchas gracias ni√±uca, t√∫ tienes una gran sensibilidad por eso valoro mucho tu opini√≥n. Feliz noche ",P
@ratgull @Vespacityman @Kellydeharo @ELpuebloMALDITO Al final ha sucumbido el maldito a nuestra dura mano ,P
@SumiEsB Yo tambi√©n vi la peli y llor√© lo que no est√° escrito  Ahora estoy leyendo el libro y me estoy echando unas risas impresionantes!,NEU
He probado una nueva espuma para el pelo y s√≠ que lo deja m√°s rizado pero se queda como efecto gomina y no me gusta. ,N
@kindermeli tengo que estudiar as√≠ que la semana que viene a lo mejor ,NONE
"@ClaudiaPiqueras hoy te he visto (y tu a mi) y no me has saludado, mala gente  (no te dije nada porque ibas acompa√±ada)",N
"@lekilig estaba en momento ""odio eterno"" necesitaba compartirlo  adem√°s yo hace poco que tengo canal y no me siento NADA identificada ",N
@lekilig un hilo fabuloso  comparto todo lo que dices ^^,P
@NiievesGiil si hubiese una opci√≥n de ''kill'' seguro que era la m√°s votada ,NEU
"Al final el v√≠deo lo subo ma√±ana, que acabo de llegar a casa. ",NONE
"@ivancastello Toca un tema maravilloso, porque sin dejar de ser ficci√≥n es algo que podr√≠a darse. Un Gran Hermano vol.02 ",P
@ImFebrer @MalagaCF Ninguno de los clubes lo hizo oficial pero se dice que s√≠ ,NEU
@ignatiareilly una oleada de cosas hom√≥fobas d√≠as anteriores ,N
@Zexioning Al rev√©s  Si quiero hacer cosas me quedo en cada a ver la peli ejem.,NONE
@zKnowcks7 la culpa es de la gente que juega segunda no te enga√±es a ti mismo ,N
"@plsnomoredrama @Joseemiii @IsaMeseguerMtz @svvvdbxxy normal, con esa cara que tienes Alexia ",NEU
@MigueZYT yo te felicitaria pero no me quedan caracteres en este tweet con lo cual lo siento mucho sera el a√±o que viene  no te rayes bro,N
"Chatel con mis primos le hicimos un funeral a una lora de la casa de mis abuelos, cantando una adaptaci√≥n de ""Querida"". DEP Juanga ",N
Tengo dos orzuelos enquistados en el ojo izquierdo y me hacen la cara muy asim√©trica. Me veo raro ,N
No me llamo Laura pero te casarias conmigo?  #ElRaboDe8cho @8choOficial,NONE
Vamos a enfrentarnos un poquito a fotos viejas ) apuf ,N
No hay nada como ver la semifinal masculina de La Nuc√≠a Open de P√°del mientras hago 30 min de bici est√°tica a tope ,P
@Goonzas_ No voy ni a Vigo voy ir a Madrid? Jajajaja que vivo en Coru√±a tonto ,N
@soryrahe_ @Tengo_Mas_Razon Por favor xikos eso lo hablais en privado vale? ,NONE
"¬øSoy la √∫nica que no est√° viendo el partido? Aunque me gustar√≠a, la verdad ",N
@AjaxAjaxcf no estoy convencido. P.e. Me gustar√≠a ver a Cerny y Nouri en el 1r equipo y menos Gudelj y El Ghazi... Le doy tiempo.  (2/2),N
"Somos los espa√±oles c√≥mplices de que gobierne el PP NO. Son sus cerca de 8 millones de votantes, de los m√°s de 34 millones censados ",N
"@Maryansoy para el frio la solucion es hacer lo que dice esta frase ""sabado sabadete camisa nueva y ...."" ",P
@carlosmchef3 felicidades pareja!!! Peazo abuelo va a tener tu hijo....estar√° pletorico ,P
@keirzar yo lo tengo facil  mi unicovy verdadero amor es pokemon ,P
@imdariusb1tches es que que hacen tio ,NEU
"Con un RT podr√°s ayudar a la asociaci√≥n de robots con problemas psicomotrices de la Guardia Carmes√≠
 https://t.co/ViEV7ST79a",NONE
"@vigarcu @saez_cristina @muyinteresante Est√°n comenzando a hacerse un poco visibles ahora. Y ya van por su segundo modelo ""Fairphone 2"" ",P
"Final copa libertadores en BAL! la √∫ltima final de Bradinho... 
https://t.co/RZnUVPNa5D",NONE
Alg√∫n d√≠a dejar√© de ver a Rem en mi TL y no recordar√© a Subaru lo subnormal que fue de no escogerla. ,N
"Lo siento mucho  bueno, os he dejado un v√≠deo de hype para el stream de ma√±ana, que va a ser fuertesito",N
"@bensonsenora El anuncio es cutre, cutre. 
Joseba quien es? ",N
"@marcasgz te recuerdo que soy una persona que tiene criterio, equivocado, pero lo tengo ",NEU
@CesarCpi @Bl3sSuR @RetroTrainer B√∫scame un Zapdos de esos legales que tanto te gustan wapo  ,P
"Buen amigo eres @Skyruss96, gracias por compartir tu pregunta en ese Ask 2.0 ",P
"@DavidArizaAbad buenas noches, David  un abrazo!",P
@Tengo_Mas_Razon Mi pa√≠s El primer tema que escuche de Nach ,NONE
Qu√© pobre soy no puedo ver los VMA ,N
@MarinaLiaison quer√≠a poner me ten√©is quemad√≠sima pero no cabe y salen los puntitos ,N
@EyeOfDavid__ te conoc√≠ y ya no te he vuelto a ver  me pareces super sincero y leal y me gusta hablar contigo,P
"@_aitor la verdad es que tiene buena pinta. Investigar√©, gracias ",P
"Acabo de descubrir a Filip van der Cruyssen y sus increibles #fotografia de #retratos ...yo quiero 
 https://t.co/2T0S6DGxnm",P
@springsteen_81 en Espa√±a comemos (tragamos) de todo y con tod aqu√≠ esta trayectoria pol√≠tica parece normal. Saludos ,N
"@ElDesmarque_VCF Nunca hab√≠a visto al Valencia el √∫ltimo de la Clasificaci√≥n.  Que pasa con el Valencia, ya no ganamos.",N
"@HeCalledMeAC Lo s√©, a pesar de saber que no deber√≠a simplemente enamorarme de una cara bonita como la tuya... Soy muy superficial ",N
"@kalvaniGH Pues yo no me crei esa expulsion, me parecio otro tongo como la de Ares, los dos mayores robados de aquella temporada ",N
@alienmarica intent√© eso el a√±o pasado y mi m√≥vil se hizo el loco con la alarma ,N
"@themindcamp yooooo  seria novato, pero tengo charlas en la rec√°mara ",NEU
"@boteroBET @naitah77 hoy tocaba ir al del oeste, por cambiar. S√≠, el cambio es a mejor ",P
"@babi_dark_ si ya las hago, pero promocionarse es complicadillo  tengo pensado hacer un sorteo en poco",N
"Como siempre mi tortilla triunfa mas que otros platos 
#playa‚Ä¶ https://t.co/C60TC2teqV",P
 por qu√© dices eso? Yo soy otaku y no hablo casi de aniJAJAJAJA era broma sis,NEU
"@rdelvalle, vaya, felicidades atrasadas y muchas gracias ",P
Me encanta como han decidido a que universidad voy a ir sin ni siquiera consultarmelo ,N
"yo esque los veranos curro, asi que no puedo quedar mucho  pero si algun dia te pasas avisa y vamos a full hd  @Sergiio_Moyaa",NONE
"@GothicNekoGD Para Nigtwish tengo asiento, aunque fueramos juntos no podr√≠amos sentarnos uno al lado del otro  
Para los otros tengo pista",N
@ClauNavarro777 en verdad s√≠ pero yo estuve intentando varias veces quedarme dormida ,N
"Verano completito... Fuengirola, Pe√±iscola, Valle del Jerte, fiestas Sepul y pr√≥ximamente --- fiestas Olmillo! ",P
"Y yo mientras comer√© palomitas mientras qued√°is retratados porque, ay, es lo que pasa cuando usas el activismo como un arma ",N
"@joanes22 en esas fechas estar√© en el @Designcampfest de Lima! Pero seguro que visito Pamplona con ""La Sed"" en noviembre ",NONE
@Ivangomezruiz @TurismoAsturias De all√≠ volvemos despu√©s de una semana espectacular ,P
@lapollacaliente dos horitas m√°s! Aunque me levant√© destemplado ,NEU
Siempre las mejores personas son las que m√°s sufren  #GetWellSoonSelenaFromSpain,N
"Es bastante pat√©tico, sobre todo que lo haga gente que pr√°cticamente no me conoce de nada ",N
Lo √∫nico malo de Death Note es que dura muy poco. ,N
"@FemiHard_ Hmm no s√© qu√© decirte, mientras no dejes la jaula abierta no pasa nada  Pero se recomienda que salgan un ratito al d√≠a +",NEU
@varitoponchito  es que las preguntas capciosas no est√°n bien! Resultan muy period√≠sticas y poco consideradas ,N
@Sr_Merlusa @Mariiiiaperez @abrilnapilotti como se nota merlu que hace tiemp oque no te junta conmigoooooooo ,N
Estoy tan segura de que el ex√°men de mates va a ser el que hicimos de recuperaci√≥n en el √∫ltimo trimestre al cual NADIE le sac√≥ foto ,NEU
"No me refiero a vehiculos, me refiero a telefericos para llegar rapido a x zonas de vuestra (esperemos) gran base ",NEU
"@ladykumaria tranquila, te seguimos queriendo igual ",P
mi hermana kylie la vasca como la echo de menos ,N
"No, solo quiero bailarte la medusa loca en privado  @GuiasTacticasES",P
"@denisfmendez @anordestado @Cascarelo @GzWika Ponferrada, ya no soy gallego ",NONE
@RoussiRT jajajajjjaajjjjajajaa eso no lo haces con mi culo  y es de gran valor.,P
@vodafone_es ha aceptado reembolsarme la cobertura mar√≠tima de la que no me advirti√≥ en su momento. Estoy contenta. Me parece justo. ,P
T√≠pic Te levantas de noche para ir al ba√±o y corres lo m√°s veloz que puedes para que el fantasma no te alcance ,N
Ayay quiero grrabar un trocito de Drown con el ukelele porque tiene que quedar preciosa. Pero tengo la voz fatal ,N
@imanbl_ el unico libro con el que me he echado foto ha sido con el de Yo antes de ti  pero porque el libro es especial!! Jajajaja,NEU
bueno bueno bueno voy a hacer el sprite del primer lider de gimnasio de mi fan made ,P
@BenielAnaisabel Y adem√°s con unas vistas preciosas... Disfruta de la tarde como se merece ,P
Hoy directillo de FIFA se√±ores! Un poquito de Liverpool que queda menos para terminar ,P
"@Antonioortzb @lavuelta @luisangelmate Oj√∫, que envidia m√°s mala me ha dado!!. Disfruta. A√∫n me duelen las piernas ¬°¬°que buena estaba!! ",P
"@batyol @valenciaplaza Gracias por seguirme. Todas las semanas escribo en @culturplaza, cada m√≠ercoles para m√°s se√±as. ",P
@vmc1385 Muchas gracias atrasadas!! Esto del Twitter hacia que no lo miraba.... Un abrazoteee!! ,P
"@SonrisaChocolat gracias ni√±uca es preciosa, te prometo que me has alegrado la tarde con este detalle tan Bello y enternecedor. Mil besos ",P
@AGMelendez_ pues si. Pero por lo menos podr√≠an ser actores  puestos a hacer el paripe. Que sean profesionales ,N
"@tenistachanel de aqu√≠ haci√©ndolo ""conservadora"" sale una @50 seguro.  a ver como montamos! Thanks por las ideas!",P
"@voicesyntex soy como ese medio demonio que es marginado por los demonios, pero tambi√©n por los humanos ",N
@Najeraa13 creo que soy la √∫nica que pringa trabajando todo el verano y todo septiembre ,N
"Quer√©is que os ponga stream en 10 minutos con el McCree de mi equipo 

ser√° un stream cortito de 2 horas ^^",NONE
@RadicaIizate @pvaya pero... Ella... No es verde!!!! Aunque ahora que lo dices... Es muy... Eh... ,NONE
"31 AGOSTO
 D√çA INTERNACIONAL DE LA SOLIDARIDAD
 Porque la solidaridad comienza con una sonrisa   
 ¬°Feliz d√≠a! https://t.co/XClh0GSjeG",P
@julioinsadji Est√°s muy calladito por aqu√≠ julio... q n puedo poner la radio ,N
"@HuGo17__ @BayonTHE1 Vamos con PAM que preferimos entrenar vs DDH, teneis muy buen lvl bro ",P
"Vamos @ArvenLoL, dales duro como t√∫ sabes  #LoLHonor2",NEU
@miradadelaluna @FinisimaPersona lo vi antes y pens√© que era brom si yo fuera mejicano lo constru√≠a delante de Tejas  o m√°s. Saludos.,N
"@fredo_gf Hola, lamentamos leer esto  Por favor, danos todos los detalles en cliente@hyundai.es y te atenderemos lo antes posible. Salu2",N
"Terapia de #FirstDates112 si el panorama est√° as√≠ es normal que siga soltera, el problema no soy yo. Me siento mejor ",P
Estoy muerto de hambre pero no puedo hacerme la cena todav√≠a porque est√° mi compa√±ero de piso cenando y no quiero cenar con √©l ,N
"Que guay, el coca cola music de este a√±o es de Meghan Trainor! Ojal√° ser rico ",P
@anniebooksx tiene que ser entretenido  tu seras la primera en verlo amore mio üòò,P
@VAMPYRES_movie @butfilmfestival uno de nuestros festivales favoritos!! Hemos ido dos veces ,P
@PortalSB_UDLog @CDLaredo @CyDLeonesa estos por lo menos han visto 4 goles ,NEU
"@turu_brujo Mareo y el Molin√≥n siguen en su sitio, todo os parece mal ",N
@angybir @BrujulaOndaCero Gracias! Horarios un poco distintos pero ah√≠ estamos ,P
@harleyftprego me gustar√≠a poder ir y abrazarte para que te sientas mejor‚ù§ ,P
@Jorge_Ruiz14 lo cierto es q estoy en el sofa viendo como se enamoran en first dates ,NONE
@Jonbarandica ha sido un acierto muy grande el de anoche ,P
"@Ciudadano014 ¬°los m√©dicos siempre te dicen cosas horribles, citizen! ",N
"@Mereeia ll√©vame contigo por fi, que yo tambi√©n monto y casi siempre sola ",N
@mamiauryner1 espero sobretodo tenerla con mi ni√±o  jajajaja. gracias guapa ‚ô•,P
@Omr_dh Tranquilo Omar yo te sigo ahora ,P
"Estupendo discurso de @joanbaldovi en  #SesionDeInvestidura Ch√©, la ciudadan√≠a ha tenido voz ",P
"@miguela38331844 Que bonito,y yo tengo una sorpresa para Ti ,que te gustara much√≠simo!   ",P
@Nerea_RMCF93 @OjeraFarlopera_ @aaron_np que guay no? Pobres nosotros simples mortales que no sabemos nada de la vida ,N
"Me parece q en esta edicion blogs @iAgua la 4a posicion ser√° la + re√±ida 
@hidrojing @jcponline @MarinaArnaldosO https://t.co/8HLHYxOX55",NEU
@jorgegarzon_  una ruta ideal para disfrutar en familia de los @VallesPasiegos ,P
"@SrMussel  yo el cinco termino los ex√°menes, tu dime un d√≠a y si quieres nos vemos en Murcia o en tu pueblo ",NONE
La gente se descojona de mi cuando me indigno y no se lo toman en serio ,N
@JuapochoHH sorry not sorry  pd quedamos en medievales?,NONE
"El Temor de un Hombre Sabio, la saga Millenium, Canci√≥n de Hielo y Fuego, y un largo etc ",NONE
@helen_acks Pos s√≠ que eras t√∫ limitada en encontrar formas de no aburrirse en clase ,N
"@wikkedchild lo veo m√°s que jodido, pero la esperanza nunca se pierde. ",N
@vacasueca tambi√©n que no parezca pulsera de reo eran deberes pendientes  Pero qu√© menos que 7-10 d√≠as ,NONE
@dexamina Yo he citado varias veces a Heidegger en tu√≠ter y me meto contigo ,N
@perriestheory NO PONGAS COSAS PRIVADAS nah es que me ha molestado en serio ,N
@ChanqueteFest porq si no es posible ir con ellos necesito encontrar otro alojamiento por mi cuenta. ¬øPodr√≠ais contestar por favor? Thks ,NONE
"@dei_biz Al contrario, me viene genial la correcci√≥n para ir mejorando mi ingl√©s ",P
"@marionaral @mjdelrio @AcevAsociacion gracias  
Si lo malo de la verdad es que no necesariamente nos hace felices.",NEU
Menciono a Sof√≠a en cosas bonitas y ella me lo paga bloqueandome por wa ,N
@tenistachanel por eso lo he puesto en comillas.....  pd la yankee ya tiene el fallo de peloco√±o pues? ,N
@_xOshiro Ya no es por bonito o por feo sino porque es un animal con sentimientos t√≠a es horrible ,N
Alguna buena moza que me diga a qu√© hora y qu√© d√≠as echan Teen Wolf ,NONE
Una etapa se cierra y comienza una nueva aventura ,P
"@sanchezdelreal S√≠, es que ya tengo instalada la beta. De momento s√≥lo funcionan en iMessage ",NEU
"@alastrain El primer tuit nos llego a nosotros, por eso te preguntamos tanto  Que tengas un buen d√≠a y buena compra.",P
Tenemos un presidente que es persona non grata d su ciudad @ahorapodemos nadie s lo va a recordar c una carretera d tercera le√±a al mono ,N
@josebrit sigo sin acostumbrarme a su nueva boca/dientes ,N
"AY MI MADRE GRIEZMANN 88 en FIFA 17
Toca ahorrar desde ya para hacerme con √©l ",P
"@IgniLefiaSplash Una vez mi prima me bes√≥ sin previo aviso. Ese fue mi primer beso, y nunca he vuelto a tener uno ",NEU
Los ministerios q os tienen a vosotros enga√±ando maca conmigo ten√≠as q dar @Rafa_Hernando q t iba a dar un ba√±o as√≠ d paso t lavas l boca ,N
"Esto es tan surrealista üòÇ Pues nada, la cuenta de twitter de PewDiePie a la puta ",N
@luciaanagil illo que ya me han enviado 5 personas diferentes snpachats con palomitas ,NEU
Quiero ir a la festa major de Llinars la semana que viene que es mi pueblesito ,NONE
Cuando le mandas a tu profesor algo para corregir y te lo reenv√≠a corregido y est√° todo mal  solo me queda llorar,N
Estos d√≠as me encuentro muy d√©bil... espero que se me pase pronto!!! ,N
Putada lv se me jodi√≥ la ruedecita del rat√≥n y bueno ,N
"@Walter_Sobchak1 Por cierto Walter,genial lo d echarle las cenizas al Donie ",P
"@livingjacob tu lo tienes facil, vives al lado de madrid ",NEU
"@PsychoViolence_ voy a estar much√≠simas m√°s veces por Barcelona!!! Estos d√≠as los tengo un poco complicados para quedar, te informar√©",NONE
Creo k es la primera vez k estoy deseando k llegue septiembre de una vez ,P
"@senior_Esfera qu√© va, son tranquilas, nunca logra refutarme nada ",P
@MilfncokiesLoL @Paloma_EB el s√°bado o el viernes podr√≠a a lo mejor  Pero tengo que jugar durante la semana ,NONE
"Que #Rajoy no logre la #investiduraRajoy NO ES NOTICIA, lo contrario s√≠... Pero ser√°n becarios los que est√°n en pr√°cticas ",N
@BernaRios9 @gottabebravery_ yo ya estoy arruinada con tanto verano Berni ,N
Primer d√≠a de la operaci√≥n bikini 2017 superado.. I can!  #altafitdonosti #objetivospartan2017,P
@gur_pegui @pazborisb @YeOldeNemesis adem√°s habr√° nueva Estrella de la Muerte. Saldr√° por unos 500 euros ,NONE
"No se cuantas veces la abre escuchado, pero no me canso de hacerlo y es que suena tan bien juntos @MisElizaJane 
https://t.co/KVPc6WiIGU",P
"@albeferrando @DGTes Hola Alberto. Tengo la misma problema, he perdido unas horas  ¬øLo has obtenido? #dgtes",N
"@hollagher Si lo compraste con tarjeta no tienes que hacer nada, si es en efectivo imagino que cualquier FNAC vale. ",NEU
Se qu√© razas est√°n entre mis preferencias... pero va a ser muy dif√≠cil adoptar alguna de ellas ,N
"@Orion_Pirata abcesos de pus en la espalda, pero coge el alta el d√≠a 8. ",NEU
@quinno_ Baj√≥n + Ed Sheeran llorera asegurada. Me pasa ,N
@Quesadacid muchas gracias Rodrigo por compartir con nosotros su paso por la Feria del Libro de Benidorm. Esperamos que le haya encantado ,P
"M√°s bonito no puede ser 
Por cierto,me alegro mucho por la menci√≥n https://t.co/NAm5mf5Nz1",P
@Garabatos ya est√°s aqu√≠? üòÇüòÇ Esta semana lo tengo complicado pero a la otra vamos ,NEU
@arivero la web que ten√≠as para ver los pokemon que veian tus rastreadores ya no funciona? Que llevo dos d√≠as entrando y ya no va ,N
@_Raquel97_ ¬°Much√≠simas gracias! Ojal√° te llegue prontito y lo disfrutes un mont√≥n ,P
30 a√±os viviendo en #Algeciras y cuando me vengo a vivir a #Sevilla es cuando pasan las cosas divertidas como un #terremoto. ,N
@ElSpeaker La vida nos lleva por caminos inextricables jajaja Me alegro de que te haya molado el programa de hoy ,P
¬°¬°No a las agresiones sexistas durante y despu√©s de las Fiestas!!  #Sang√ºesa,N
@WingedArrow_ @redskyF2 si pero es de Mario joder comprate una propia ,N
Mi corasonsito me pide a gritos Clexa fanfics pero de los bonitos profundos que te dejan llorando ,P
"@audreymolgar ay si, pero no puedo cambiar el username y soy un numero raro  aiuda",N
"@Fourty35 



Si ma√±ana sigues malita te dedico una canci√≥n.

(M√≠a no ",NEU
@johanna_196 el s√°bado unas risas todos juntos... A por otro a√±o m√°s! ,P
Me instalado la app de @Los40_Spain solo para escuchar @Los40Trending de @ajpaniagua  #algoestacambiando,NONE
"@ElSpeaker Es un aspecto poco conocido del Sistema Solar, que probablemente a√∫n haya cosas por descubrir ah√≠ fuera ",P
@PitDiamondcore  Que cabrones..... puffff  .... Bueno se empieza de nuevo no pasa nada jejej ,NEU
"@javier_depecos Otro para ti Javier, me ha hecho mucha ilusi√≥n tu respuesta. Gracias de coraz√≥n  feliz noche.",P
"@reivajcorrado @_Jesuismarc Alguien sabr√°, alguien en ese extra√±o lugar que es el futuro. Esto es una empresa para la humanidad ",NONE
@OriannaSenpaii conmigo siemprw puedes hablar ,P
#HappyJungkookDay #ÍæπÏù¥ÏÉùÏùº„Öä„Öã Galleta bonita *.* Feliz cumplea√±os al mejor maknae del mundo ,P
@AlvaroAuryn en noja estuviste genial pero ¬øsabes una cosa? Nos vemos en madrid para despedirnos  #askalvarogango,P
"Chicxs nunca idealic√©is demasiado a una persona, que luego os da mg en facebook y romp√©is un espejo de la emoci√≥n ",N
@GamerXtraX Aun no  No tengo algunas legendarias aun ,N
Tengo tant√≠simo sue√±o que cada vez que me levanto y ando me choco con la pared en serio me siento s√∫per gilipollas ,N
"3 a√±os sigui√©ndote y ni una menci√≥n, con lo que te quiero  @AlvaroAuryn  #askalvarogango",N
"Me haces bullying intenso, me vas a hacer caso alg√∫n d√≠a?  @AlvaroAuryn  #askalvarogango",N
@Lugnica_ Estoy conectado y listo. Cuando quieras me le pasas. Mi AC te lo repito es 2294-6239-5875 ,NONE
"@Dalek_fan qu√© va  me levant√© agotado, de no poder salir de la cama de las pocas fuerzas que ten√≠a",N
"@crisasanz gracias, guapa!! menuda promoci√≥n me haces!! eres un sol ",P
"@XimoVR @gsus_77 @mediavida5 lo bueno y lo malo, ojo. Que a nosotros fijo que nos quitan alguno. ",N
Se ha ido de mi espalda y no se como ha acabado dejandome en una esquinita de mi propia cama ,N
"@LaPonyRosa nu , no sirve cualquiera  Lo prob√© hace poco para una app coreana y no me dejaba u^u por lo de la tarjeta de cr√©dito",N
#ide el primer d√≠a de clase voy a proyectar una de estas fotograf√≠as y voy a pedir informaci√≥n sobre foto y autor A ver c√≥mo resuelven ,NONE
@Lenavg3 jajajaja si si. Buscar√© en Pinterest algo as√≠  gracias üòò,P
@noseashetero 10/10 lindo a ver si vuelves a Le√≥n que se te echa de menos por aqu√≠  quiero abrazarte ‚ú®,P
"@aaron_np @OjeraFarlopera_ @Nerea_RMCF93 somos antifas y bebemos agua de pantanos que hizo Franco.... que pena  
Mira, me meo üòÇüòÇ",N
"@LuciaDollface Ya ves, parece un comic m√°s maduro pero el dibujo se delata solo ",NEU
@oh_gabi genial! Ahora ya mucho mejor que con las tres primeras a√∫n as√≠ todav√≠a hay cosas que pulir ,P
"@riley7097 En edad internacional 19, en edad coreana 20 ",NONE
"@UnAustracista @CarlesRH Met√°fora=Comparaci√≥n, que es lo que dije. Un poquito de teor√≠a literaria ",N
@erchache2000 @Sharker es que hablo de sus correos corporativos en sus PCs ,NONE
@agarotadipanema @montano66 Yo solo cit√© la gran definici√≥n que dio de ellos muy pronto el artista Omar Jerez ,P
"@aaron_np @OjeraFarlopera_ @livetodie77 @Nerea_RMCF93 no tenemos para cerveza, somos pobres y sucios. No nos dejan entrar al bar ",N
@Putaqueen7 esta la p√°gina petada desde hace d√≠as ,NEU
"@cantagalli Pasa el link de la mas interesante please, por no ver 5 veces lo mismo ",N
Mingafria harrison. Si por un casual consigues ganar me pagas la noche de hoy. No te meto presi√≥n. Tu ver√°s. ,NEU
Os recomendamos seguir las listas porque Spotify no nos permite tenerlas p√∫blicas y colaborativas al mismo tiempo ,N
@JL_Blanco Gracias por la informaci√≥n. Parece que el olor ha cesado. Ayer pas√≥ lo mismo sobre la misma hora ,N
@Paco_Pinero Pero ya te digo que me encantar√≠a tener esta conversaci√≥n contigo en otras circunstancias ,NEU
"#InvestiduraRajoy13tv mi madre¬°¬°¬° @JoanTarda ya regreso, del viaje astral???¬°¬°  y el del @eajpnv del interestelar??¬°¬°",NONE
Hay que respetar las posturas de todo el mundo frente a las situaciones que se le presentan. Por algo no somos todos iguales ,NEU
"@marulango apuntaba en √°ngulo correcto a una superficie reflectora, cient√≠ficamente, s√≠ ",NONE
"@paulakuyen üê•

-tu pelo
-eres una de mis mejores amigas
-no mereces estar mal por nadie 
-compa√±era pastel!",NEU
"@jc_pblanco ya.. se le va, pero me gust√≥ igual  lo siento, sino.. BLME est√° bien adaptado o los libros de Sparks ",P
"entre odio d√≠a tras d√≠a, la muerte de su hermana, la muerte de su amiga, el divorcio de sus padres cuando era peque√±a, el lupus, etc ",N
"@ViKo_LH mira hijo de puta me cago en tu puta madre JAJAJAJAJAJAJJAAJAJA ya podr√© ir en 2018, ya... ",N
"@AmuntValencia_ No te preocupes, pero como hay tanta mala baba en Twitter pensaba que hab√≠a sido por eso ",NEU
@darthmagnus85 @Will_1981 @En_Marea @mahou_es es tan evidente verdad? que no hac√≠a falta... es cierto. ,NONE
"@YooHooKane @Stellone_Cthun eres un sinverg√ºenza,hay ke dormir mas,yo he dormio 6 horas (porke no tengo legion hasta hoy) ",N
"@JVSantacreu  Gran experta Rosa en freir huevos, parecen gemelos. (a m√≠ no me salen tan iguales) ",P
"Buenos d√≠as Magaluf !  üëåüèª‚úÖ
‚Ä¢ @BHmallorca ‚Ä¢ #BHmallorca#Magaluf #Mallorca #Island #Summer2016‚Ä¶ https://t.co/amAnsSDaxI",P
he so√±ado una cosa muy rara con los personajes de PLL y luego como que estaba en la real life y conocia a Shay y a Lucy y y y ,N
"Buenos d√≠as, @eslosiguiente . Lo siguiente de triste es abatido. 
√Ånimo que siempre que llueve escampa. ",N
"@MAAJ39 estate atento a nuestras redes sociales para estar informado de las fechas y sitios, y gracias por escribirnos ",NONE
"@ikutram @tocamates @CarmenAgustin , y otros que seguro se me olvidan, tambi√©n os puede interesar para vuestro instituto o facultad univ. ",NONE
"""Soy @EssieSenna. Este es mi n√∫mero de tel√©fono finland√©s. Ya puedes borrar el ingl√©s"". Y ""la abuela piensa"".. ""era una ni√±a de 8 a√±os"".. ",NONE
Buenos d√≠as y #felizmartes. Cu√°ntos de vosotros lleg√°is al final de vuestras #vacaciones? Y cu√°ntos las ten√©is a la vuelta de la esquina? ,NONE
@escolano y √©s una lastima porque tiene muy buenas ideas de dise√±o y al no pasar por Java rinden guay...pero MicroSoft y sus cosas ,N
"Nuevo trailer! #PokemonGo en minecraft! Espero que os gusten las pokecasas  os las imaginabais as√≠ por dentro? 

https://t.co/D2sH0op1ei",P
"Han llegado las primeras #granadas   La primera ensalada con tintes oto√±ales cae hoy! 
#eco‚Ä¶ https://t.co/DICRGhwe5X",P
@julwiki no sab√≠a que la remasterizada se parec√≠a a la primera temporada de Falcon Crest ,NEU
"@_ArtificialRed_ gracias tocaya  Pero.. es que es verdad da rabia.. ni un extremo ni otro, si hay machismo voy a ser la primera que va..",N
"@NovatilloTotal ahora escribo las cartas. Seprona no, qu√© por suerte me han cuidado Pepito muy bien ",P
@anniebooksx pues quiero verla pero quiero leerme el libro primero  lo tengo pendienteüòò,NONE
"@RanLuna13 la Odisea es uno de mis libros favoritos, y de Shakespeare por ejemplo me encanta Hamlet ",P
"@SilversunRhythm bueno, Los miserables es un libro ""pesado"" o el Silmarillion, y amo los dos, as√≠ que valdr√° la pena ",P
@HausofMai @julenfenty ha sido genial conocerte maite te quiero mucho en serio una monada de chica ,P
hoy me han tra√≠do a mi perra despu√©s de seis d√≠as sin verla y est√° to nerviosa y m√°s delgada ,N
"dreamer para siempre  @OfficialCritika @OfficialSaik os quiero chicos 
quier abrazaros https://t.co/oLDFpQ0Cd9",P
@josey_dani ¬°Qu√© pintaza! Tanto la chistorra como el lomo son productos deliciosos. Probaremos vuestra sugerencia en fr√≠o y en bocadillo ,P
"@TeoGarciaEgea @paconadal De nuevo, encantado. Y a mi tampoco me gustan esos titulares tendenciosos. Pero tampoco los opuestos  Saludos.",NEU
"@TeoGarciaEgea @paconadal Esto es un mero ej. de lo complejos que son los ecosistemas y la eutrofiz. como para reducirlos a ""Hay + peces"" ",NONE
@Candiecita tanto tiempo sigui√©ndote y leyendo las cosas bonitas q pon√≠as y ahora ya no me dejas? ,N
@EspeculacionCP √âchate a√±os y muchas horas aprendiendo y practicando  podr√≠a ser un buen t√≠tulo.,P
".@donecperficiam6 ¬øMe dice garrullo, llam√°ndose Domingo? Esa es buena  @RLEGAZ @UrsulaBayer @gabrielrufian",NEU
"@davidmaeztu @notarioalcala @ahurtadobueno @josecarmelollb @LaCalledelAdios a m√≠ como a veces me piden ""la firma escaneada en el doc""... ",NONE
"@raquel_lpz Hola Raquel. Ya avisamos que por desgracia hubo un cambio de planes y no podr√°n venir en 2016, estamos intent√°ndolo para 2017 ",N
Me duele mucho la cabeza tio ,N
"@NereeSantome Nope, es respingona  De chiquitin el bullying con eso fue real.  Para bonita ya est√°s t√∫ Nere ~",NEU
@flyintothestorm @SelenePetalos Mmmm yo tampoco te puedo decir nada  Supongo que lo l√≥gico ser√≠a que lo tuvieran pero a saber,N
"@LionQueenOfJah No, somos ego√≠stas por distintas circunstancias e intereses. Solos estamos todos socia, es cosa de hacerse ",N
He capturado mi primer gimnasio en el Pokemon Go. Cierto es que es probable que no tarden ni 10 minutos en quitarmelo. Pero mola ,P
"@anayainfantil @ayuntamientoibi @BibliotecaIbi S√≠, perfecto, pero mi duda es si hay l√≠mites de edad para presentarse al concurso. Gracias ",NONE
"Me hubiera encantado contaros el martirio de san Juan Bautista, que es como de peli. Con Herodes, Salom√©...pero no me ha dado la vida ",N
venga ya hombre jope tias yo quiero cosas intensas no me hagais estas preguntas ,N
Quiero que te fijes en mi interior pero me pongo unas tetas de talla cien y el escote m√°s grande que haya ,N
@manozom @carisimolider No  Justamente el hilo empez√≥ porque yo sostengo que Mason es un p√©simo HH.,N
"@lococamionero  Otra cosa es que no tuviera seguridad social, porqe no era obligatorio en su situacion. Lee, los libros no muerden ",N
"@BetisFans7 @AntonioViola1 Yo solo por llamar a tu equipo ""EL GRANDE DE SEVILLA"" te bloqueaba Jojojojo ",N
"joder pobres hombres est√°n oprimidos por mujeres que les obligan a afeitarse 
#justice4hombres https://t.co/C09iDQQr39",N
"Ma√±ana me ver√© las que faltan, pero la mejor de la noche no ha sido Britney vaya  Me ha decepcionado",N
"@jose97angel el canal de ""Global Talents"" suele ser r√°pido en subir actuaciones, valoraciones, previos, y resultados...   ",P
"Pues mi cuerpo por dinero no he ofrecido, pero mi tiempo s√≠. En plan, si tienes la absurda idea de quedar conmigo, pagas t√∫ TODO. ",N
... pues no tengo ex√°menes en esas 2 semanas de margen. Ahora se viene la gran pregunta ¬øir√©is todos los que fuisteis a la MGW? ,NEU
De verda soi tan lameculos ,N
@judithgoan porque por no cargarlo con un cable oficial me he cargado la bat y el nuevo que me llega ma√±ana es de sony ,N
"@cduranestany Es que se lee cada cosa , menos mal que a ese lo deje de seguir cuando termin√≥ la temporada pasada .Mi salud es lo primero ",N
@HijodeBilharzio Tengo la curiosa fortuna de que en estas semanas solo puede ver las etapas del finde ,P
La Esteban promocionando el concierto de Estopa en Leganes...Que empiecen las bromas sin gracia sobre lo barriobajeres que somos todes ,N
Si Peter Iglesias le hubiese hecho caso a su segundo ya estar√≠a el gobierno solucionado hace mucho ,N
"@LoretoBazo Stranger y Mr. Robot ya las he visto, pero eres la segunda que me recomienda The get down, as√≠ que a por ella voy, gracias! ",P
"A principios de Septiembre saldr√° mi nuevo tema en forma de v√≠deo, ya tengo ganas de que lo escuch√©is! ",P
@passion4english Gracias por la info  Lo bueno ser√≠a saber si aceptan libros en ingl√©s.,P
@Crisnosesae @l30n4_ @Beatrice_Val en serio? No sab√≠a eso de ella  se me ha ca√≠do su imagen a tope,N
@marmana6 mi anterior tweet solo iba por ti que eres la √∫nica que ha demostrado conocerme bien ,P
"Nunca vi a nadie gritar de terror ni saltar tanto en tan poco tiempo JAJAJAJAJAJAJAJAJAJAJAJAJA
P no soy cruel, fue con cari√±o ",N
"Me dice la t√≠a y cuanto tardarias en llegar al carrefour de hortaleza
Y y pues poco, vivo en la plaza de chueca ",N
Voy a echarme una siesta que me duele la cabeza que est√° que me explotaüòû. Pasad una buena tarde ,NEU
@jm_allue @PuntoDeVictoria @xavigarriga @PirrakasIPL lo importante es saber cuando! Por si hay que evitar compras for√°neas ,NEU
@pvaya @Sailor_Tesserei @Sh3rryMH es que es una reivindicaci√≥n muy de moda... Ya sabes... de gente pedante como yo ,NEU
@Nonnes78 Hola guap√≠sima! Nos encantar√≠a hablar contigo por dm.. se puede pasar? ,P
@IchDavos Esta bastante guay porque es muy flexible en cuanto a horarios y tecnica que quieras explorar ,P
"Ensalada de Salm√≥n, una de las ricas propuestas en el men√∫ de hoy  
#MenuDiario #RestauranteCasinoLasPalmas https://t.co/tdhagu3Hgf",P
"estoy entre dos, pero las dos son s√∫per caras ",N
@shielledfox Jope Ojal√° alg√∫n d√≠a poder hacerte fotos  osea no soy fot√≥grafo ni nada pero eso,N
"Si est√° claro, la culpa es m√≠a ",N
"Repito, de momento NO HAY FECHA L√çMITE y las preguntas son EN EL E-MAIL no encima del v√≠deo ",NONE
"@AlexBellamyLeto cuando quer√°is os llevamos a un gran lugar para comerlos, a buen precio ",P
"Las Palmas nuevo y modesto l√≠der de 1¬™ divisi√≥n empieza por ""L"" como Leicester...  #ah√≠lodejo ",P
Y en nada estar√° disponible v√≠a #soundcloud mi nueva sesi√≥n con el mejor house y un rollazo flipante ,P
"@HurricaneOfFire Estoy recuper√°ndome del v√≠deo y el momento ""(bird shit)""
Parece una parodia de s√≠ mismo ",N
"Donde desde los #Over25, parte como una de las aspirantes con grandes opciones de llegar a las galas...  

https://t.co/IUKuoWSlE8",P
Yo ahora podr√≠a estar en mi casa de zgz viendo los premios en la tele tan ricamente l tenerlos grabados pero no ,NEU
"Quiero te√±irme el pelo, pero a la vez no, y tampoco s√© de qu√© color, solo s√© que quiero hacer algo y es muy sad ",N
"Buenos d√≠as. Lunes duro de vuelta al trabajo, al calor, al metro, a los madrugones y a la rutina 
#BuenosDias",N
"@Mavi_Vieira perfecto!  Nada mejor que incitar a lectura. Ya me contar√°s que tal, es m√°gico. De esos para ""ni√±os"" que no son para ni√±os",P
Still falling for you es genial omg Aunque ver la cara de Ellie con todos los retoques botoxiles me entristece ,NEU
Necesito seguir a mas cuentas camren shippers y fans de las armon√≠as. Me recomendais alguna? ,NONE
"@jmiguel @carrero Claro, yo quer√≠a por eso de manifiesto, hay cables chinos cojonudos. Otra cosa es que te compres el mas barato ",P
"@ManuelaCarmena necesitamos fuentes con pitorro en Vallecas, que la mayor√≠a est√°n rotas  @MADRID",N
la foto que subi√≥ niall me pone triste porque quiero ser liam en esa foto adem√°s de que sale precioso ,N
en plan bonito  porque yo no,NEU
@MarinayTal Te pico mucho. Eres muy graciosa. Me r√≠o con tus chistes de kk. Me odias porque no me gusta Suicide Silence ,NEU
"@IAzek4629 lo se  pero no miraba la acc, solo miraba de vez en cuando el combo y me emocionada y nervios y shit",NEU
"@Tyucan1 lo mismo puedo decir de tu fanart  y por cierto, tu c√≥mic, muy divertido!",P
"@RSD_Spain menudo honor!! Me pill√°is justo de vacaciones, pero a la vuelta hablamos ",N
"@jramonfernandez @DianaMarqus1 vamos, que hay normas absurdas y muchas se est√°n levantando, pero hay que estratificar ",N
"@kikolo777 Pero si t√∫ s√≥lo comes paellas-de-verdad, japo pijo yr a  cosas desas de subir a Instagram, homrepordios ",N
"He decidido empezar a procesar las fotos macro del verano 
https://t.co/M7NkkPI4f2 https://t.co/K0HOtoDz4c",NONE
@JCesarPL @GuidoBCor Faltar√≠a. Pensaba en c√≥mo se construyen los discursos y qui√©nes los emplean. Es un debate interesante. ,P
@manue1112 Quedan ocho meses y a√∫n est√° todo por hacer. Confiemos en poder realizar el Proyecto que tenemos planteado. Paciencia ,P
"@zonammorpg Sugerenci ¬øPodr√≠ais hacer un TOP (o, al menos, alguna recomendaci√≥n) de los mejores MMORPGS para dispositivos m√≥viles? ",NONE
hoy ha sido ver a un perro muerto en el anden izdo. de la autopista huelva-sevilla y entrarme toda la impotencia del mundo ,N
".@DavidCpsberga @goslum Vamos, que usted es el portavoz de 2 millones de personas. Una inmensa... minor√≠a. ¬øLe molesta la ""minorizaci√≥n""? ",N
@tomasin_zgz ¬°Hola Tom√°s! ¬øHab√©is visto los nuevos #dinos de #TierraMagna? Es normal que haya colas antes de que comience el espect√°culo ,P
Ya se acaba el ineternete ,NEU
"Shit se fue, voy a por un pitaso ",NONE
"6 momentos en los que usar lentes de contacto es simplemente mejor  ¬°Feliz lunes! 
https://t.co/x06G1nkaH1 #optometria #lentesdecontacto",NONE
"Algunos est√°n Sad 24/7
Otros est√°n Indignados 24/7

Yo estoy Cachondo 24/7
",NEU
"@umaprepon @beyondhell_ @ohwowfuckyou_ 
No os hab√©is dado cuenta de que la puesto El verdaderx fot√≥grafx...EL solo puede ir con masculino ",N
@LokiMondrak La verdad es que yo tampoco hubiese sabido reaccionar m√°s que con violencia verbal/f√≠sica hacia sus agresores o sus padres ,N
"@ttlemans s√≠, supongo que usas el ave de nevera y ya cuando llegas a casa despu√©s de 10h pateando te fr√≠es un cachopin y no vas al mcauto ",NEU
"en serio, ten√©is que verosla ya ",NEU
Siento el Spam. Quiero que comprend√°is  y compart√°is conmigo la felicidad de este momento. Espero ser el mejor Capit√°n de todos! ,P
@LGuillermodePab hay que ser optimistas ,P
"Soy a tus pies Mariano Rajoy Brey @marianorajoy,en francia no hay otros partidarios que yo aunque no tengo mi tarjeta del PP  Viva Espana!",P
@Ancar_Lol Siempre buscando algo mejor  Ahora estoy bien y cobro bien. Pero puede que vaya a una del Prat!,P
"Perdon, las dudas en Twitter a traves de #askLFI  Las ayudas #ayudasLFI es una convocatoria de ayudas, muy interesnate tambien ",P
"@VicentMoreraVCF @kennysamuerto @LoboVCF vale, pero de Rodrigo yo espero poco y Nani es una puta inc√≥gnita como va a rendir. Falta un 9 ",N
"Hoy, en las desventuras de Albert

Sin agua que salga de ning√∫n grifo en el piso. Ha decidido que no sale hasta nuevo aviso ",N
"@fxnoname @BETWIN__ eso no se le debe decir ni a tu peor enemigo, que cruel , nadie es peor que el caramusgo del torete ",N
Creo que alguien me ha bloqueado. Es una sensaci√≥n rara porque empezaba a tenerle cari√±o a esa persona y no lo entiendo. Me siento mal ,N
@TartadeDurazno es lo que tiene ser un cereal ,NEU
"Cambiar ""El mejor sistema‚Ñ¢"" y la educaci√≥n m√©dica en Espa√±a ser√° complicado, pero con gente como vosotros tengo fe  @dantachan @ariasemmap",P
@santizuza  vete buscandote un ayudante que sepa de medicina porque entre Digard y Riviere haras las cronicas desde la enfermeria ,N
"@GuilleBouzon @ConPdeJulandron creo que antes de insultar una cara deberias mirarte al espejo Guille. Ah, y quien r√≠e √∫ltimo rie mejor ",N
"@Alex_Dieer ya ves eh, estaban amargados ",N
"@SrHador No estoy de acuerd retwitteo cuando creo conveniente, pero aporto mi opini√≥n citando y divulgando, y as√≠ seguir√©  @EnekoHumor",N
¬°Hola @estrellalevante! Una pregunta? La visita a la f√°brica es gratuita o hay que pagar algo? Un saludo bonicos y bonicas mios! ,NONE
"Yo mantendr√≠a que toby est√° vivo si no fuese por el tuit de keegs, por el insta de troian de hace unos d√≠as..... Esas cosas sab√©is ",NONE
"√öltimamente, me est√°n siguiendo chicas con perfiles bastante subidos de tono en Instagram. ¬øPara cu√°ndo un chico decente? ",N
"Momento #emprendedores en el Congreso de los Diputados ahora mismo. Siempre se cita a las startups, no a los innovadores sociales ",N
"@SnipShit_ Yo tengo un par, pero son s√≥lo R ",NONE
"@crisasanz claro, yo no digo que sea f√°cil... Para nada, yo llevo a√±os intent√°ndolo y ser√° mi trabajo vital, pero quiero intentarlo ",P
@Chorraera FP lo tiene vetao ,NEU
"@CelopanYT en el √∫ltimo vlog, al t√≠tulo le falta una E en la palabra ""ENTRAS"" supongo quer√≠as poner ""ENTERAS"" ",NONE
"Acabo de jugar en manual a PES 2017 y dios, como cambia el juego, jugando en leyenda, en 0 de velocidad, IMPRESIONANTE #PES2017 ",P
"¬°Buenos d√≠as! Aqu√≠ andamos, con el S√≠ndrome post-Uncharted 4 :S
Necesito jugar los 5 de golpe... Peeeero no hay tiempo ",P
Alguien sabe como o dnd comprar la camiseta roja de la Vuelta que llevan l@s trabajador@s de Carrefour? Gracias  #Pelot√≥nCarrefour,NONE
"salir de trabajar, mirar un par de cosas del canal e irme al cine a ver mascotas con los amigos¬° planazo de sabado  ",P
"@PanadesPb @DenebGabe @VeuCat @Rorschargos Que @tv3 es plural?? Cuantas horas, del otro idioma oficial, emite?, No es de todos los cat? ",N
M√°s de lo mismo...esport3 dando un partido de 2¬™ B entre #rcde y valencia y no se cortan un pelo en decir que el far$a marca en Bilbao ,N
@Txemacg @antoniosanto Yo lo hice en el cole ! Fuimos a trafico un par de d√≠as a aprender a circular con bici  (Colegio p√∫blico),NONE
"Marca el valencia B el 0-1 en la DANI JARQUE, hay que decir que jugamos con 1 menos por expulsi√≥n m√°s que rigurosa de un defensor perico ",NEU
Ma√±ana vuelvo a trabajar despu√©s de 15 d√≠as de vacaciones. Donde quedan los 3 meses de verano de peque√±os?  #QueDuroEsSerAdulto,N
@teldcc_xoxo nenaaaaaa viste como me va creciendo la enana ?? Se te extra√±a un buen wey..enserio  esas platicas nos falta...Gracias‚ù§‚ù§,P
"@BigZetaYT @weastbrook Que yo recuerde mourinho gan√≥ una liga,el bar√ßa dos,los dos una copa del rey y el bar√ßa se llev√≥ una Champions ",NONE
"@Zimlaar ¬øSolo te preocupa el n√∫mero de followers? Me lo imaginaba... jaja üòÇ
Ellos mismos piden que haga quedada ",NEU
@o_clinico y seg√∫n tu ojo cr√≠tico  debe abrir toda la ciudad o solo zona puerto-anaga-plaza Espa√±a?,NONE
1477. No pero porque apenas hay confi ,N
Votado en este no en el otro ,NONE
Soy un chico muy perverso ,N
"Y tan amargado, porque no me lo chupan ",N
la vida me tiene muy confundida ,N
@MsVelouria21 Pero pero porque eres muy guapa ,P
@Caspitoo pero eso no es abstracto ,NONE
@DarkPortu ya ya pero a√∫n as√≠ no me convenci√≥ ,N
"@DoloresParis Es que no, ya estoy cansado ",N
Las mejores fotos son las que no se ven  ‚ú®üåü,P
La verdad es que hoy tengo un buen d√≠a ,P
@LleonardPler ¬°Ya ves! Eso es fundamental ,NEU
@ClaraNyanNyan y lo bonitas que las tienes? ,P
estoy contenta y cagadisima a la vez ,NEU
@LuciaNogueras entiendo que en el mal sentido? ,N
@crtkftauryn que no en serio ,NEU
@LidiaWBlog que es un envidiosillo ,N
"@Ximnart ya, a√∫n as√≠... no me f√≠o de la gente ",N
Pero si eres mi pelado  @Slammactivao,NEU
Pos yo tambien estoy triste ,N
Apagado o fuera de cobertura ,NONE
@Tidxs_ ay  mejor eso que nada no?,P
@WgWillyG el mejor bae que he tenido ,P
@LadyEternalSed son mucho m√°s emotivos ,P
@SusanaTRuiz eres muy pero que muy inteligente ,P
Buenos d√≠as bbs qu√© tal yo mal ,N
@fevafer tio no me lo recuerdes ,N
Pero cada vez lo tengo m√°s claro ,NEU
"en serio, te amo @LeoDiCaprio ",P
No soy capaz de dormir ,N
"@CarolinaFTAM jo,es que es mortal ",NEU
@LadyGraphene a la pr√≥xima a ver si os veo ,NONE
Me est√°n diciendo que era feo de peque√±o ,N
@iChuso Que ya ha empezado tio ,NONE
@LeprosaNoMas Y que sea yo es triste ,N
los rts de Leila son los mejores ,P
@KOPURISTA Algo estoy haciendo mal ,N
Joder tio pero porque tiene q pasar de mi ,N
Tengo un im√°n para los ADC retrasados ,NEU
clrealy no es una indirecta ,NONE
Y mi tl ya est√° muerta ,N
Es que es muy guapa ,P
"@achocoblog oye, 7/8 no est√° nada mal ",P
Tengo un poco abandonado el tw ,N
por qu√© tengo un nombre tan feo ,N
Se me dan muy mal las despedidas ,N
@remardifuck a mi ya se me fueron los 2gb ,N
"Es incre√≠ble y tal pero no , no voy a ir al TH ",NEU
Un AI The 100 ser√≠a lo mejor. ,P
Ya se que soy lo peor pero jo ,N
Estoy nerviosa y no s√© por qu√© ,NEU
"En fin, yo no se ni para que me molesto ",N
Bel para con el porno ,N
A las 17:30 pillo el bus ,NONE
Es que es tan yo...Siempre estoy as√≠ ,NEU
hoy no me voy enfadada ,P
Desde cuando yo no soy cari√±oso? ,P
"Si ana est√° feliz, yo lo estoy ",P
¬°Un d√≠a nublado no tiene que ser un mal d√≠a! ,P
soy una de las viejas ,NEU
Ay t√≠o es que es tan perfecto ,P
Que no soy mas sociable ,N
No se uno de los dos yaaa ,NONE
Hoy es un dia bonito ,P
Hoy me veo muy guapa ,P
Todo va de mal en peor ,N
Tengo esto un poco abandonado ,N
Pro no es muy estetico ,N
Que triste y de todo estoy ,N
Quien me ha llamado fea ,N
Pero soy tan pobre que ,N
Cerquita de los 4k de elo ya ,NEU
Hoy no es un gran d√≠a ,N
Porque soy tan gafe porque ,N
Hoy estoy un poco triste ,N
"a to esto, el tio de ono no ha venio ",N
"@ManuelDezGalian no, pero a las 7:10 si ",NONE
No me hab√©is curado el sad ,N
Es que me lo como de lo bonito que es ,P
"@IgnacioJurado a mi a las 8.15 que son las 7.15, no too bad ",NONE
Tio el final de sao ,NONE
@GeorgeBleach ya s√© que es feo pero ,N
D√≠a poco productivo el de hoy ,N
@_aliciagonzg uf es que es muy emo ,NEU
A ver qu√© tal el renacido ,NONE
que feliz voy a ser a las 3 ,P
Mal tengo que extudiar y tu ,N
Tendr√©is hoy v√≠deo a las 12 y a las 15 ,NONE
Eso s√≠ voy a ir muy muy lenta ,NEU
Con lo tranquila que yo estaba... ,NEU
Un NOSOTROS as√≠ de grande por hoy ,P
Se fue a Rusia tio ,N
"Tanto sad, tanto sad...
Pues yo tambi√©n estoy muy sad hoy ",N
Por qu√© un partido a las 10 a.m. ,NONE
Me he distra√≠do con La Voz ,NONE
est√°n todos muy sad hoy no ,N
Para m√≠ mi mejor a√±o fue el 2015 ,P
Hoy va a ser un dia muy largo... ,N
11:11 que no me encuentre mal ,NEU
Es que son muy bonitas jo ,P
Que no jo que no soy tan irresponsable ,P
